#OTU ID,LTEE.5..1,LTEE.5..2,LTEE.5..8,LTEE2.5.13,LTEE.5..4,LTEE.5..5,LTEE5.11,LTEE.5..6,LTEE.5..7,LTEE5.12,LTEE.5..3,LTEE5.9,LTEE.6..1,LTEE.6..2,LTEE.6..8,LTEE2.6.13,LTEE.6..4,LTEE.6..5,LTEE.6..6,LTEE.6..7,LTEE6.12,LTEE.6..3,LTEE6.9,LTEE7.2,LTEE.7..1,LTEE7.4,LTEE7.5,LTEE.7..6,LTEE7.3,LTEE.8..1,LTEE.8..2,LTEE.8..8,LTEE2.8.13,LTEE.8..4,LTEE.8..5,LTEE8.11,LTEE.8..6,LTEE.8..7,LTEE8.12,LTEE.8..3,LTEE8.9,LTEE.9..1,LTEE.9..2,LTEE.9..8,LTEE2.9.13,LTEE.9..4,LTEE.9..5,LTEE9.11,LTEE.9..7,LTEE2.9.12,LTEE.9..3,LTEE9.9,LTEE.13..1,LTEE.13..2,LTEE.13..8,LTEE.13..4,LTEE.13..5,LTEE13.11,LTEE.13..6,LTEE.13..7,LTEE.13..3,LTEE13.9,LTEE.16..1,LTEE.16..2,LTEE.16..8,LTEE.16..4,LTEE.16..5,LTEE16.11,LTEE.16..6,LTEE.16..7,LTEE2.16.12,LTEE.16..3,LTEE16.9,LTEE17.8,LTEE2.17.13,LTEE17.4,LTEE17.5,LTEE2.17.11,LTEE17.6,LTEE17.7,LTEE2.17.12,LTEE17.3,LTEE2.17.9,taxonomy
denovo35285,0,20,3,5,22,0,0,0,3,2,10,2,0,40,0,0,23,10,6,0,0,8,8,26,0,12,18,4,39,0,15,4,4,0,12,5,6,1,2,3,1,7,30,1,6,0,5,2,2,0,17,1,0,18,2,0,7,0,12,2,4,4,0,61,2,0,20,0,33,6,5,34,2,2,5,0,19,2,30,0,10,15,7,k__Bacteria; p__Actinobacteria; c__Actinobacteria; o__Actinomycetales; f__Cellulomonadaceae
222554,85,48,21,5,9,13,2,25,18,19,0,19,35,20,15,0,23,2,16,0,5,1,20,20,77,4,20,17,40,69,23,8,1,17,17,29,8,30,2,2,0,69,14,9,2,35,2,5,4,0,21,17,49,19,33,0,6,4,17,53,0,31,36,2,3,3,4,3,14,8,1,15,41,6,2,6,21,7,5,11,0,0,7,k__Bacteria; p__Proteobacteria; c__Betaproteobacteria; o__Burkholderiales
299516,0,21,0,0,0,0,0,0,0,0,9,0,0,34,0,0,1,0,0,0,0,17,0,2,1,17,1,0,1,0,2,0,0,1,0,0,1,0,0,7,0,0,1,0,0,4,2,0,0,0,10,0,0,22,0,190,0,0,0,0,1,0,0,9,0,0,0,0,0,0,0,1,0,0,0,0,0,0,0,0,0,131,0,k__Bacteria; p__Firmicutes; c__Bacilli; o__Lactobacillales; f__Leuconostocaceae; g__Leuconostoc; s__
254938,0,0,30,8,1,0,81,0,27,19,0,50,0,0,28,11,3,0,0,60,51,0,58,0,0,0,0,4,0,0,0,26,3,1,1,33,0,6,0,0,116,0,0,20,2,1,1,68,34,0,0,55,0,0,17,23,0,91,0,15,0,52,0,0,45,1,1,51,0,23,0,0,9,44,1,0,1,10,0,47,2,1,2,k__Bacteria; p__Proteobacteria; c__Betaproteobacteria; o__Burkholderiales; f__Oxalobacteraceae
4308371,0,696,144,8,61,0,144,1,76,45,2170,82,0,971,67,70,52,14,47,179,136,1620,226,57,0,132,18,80,115,1,38,53,13,2,9,91,170,29,0,1379,335,9,58,56,4,1,124,229,68,0,1140,139,1,1121,55,0,43,147,1365,48,1514,144,2,827,122,0,55,101,16,62,1,401,39,177,1,12,67,12,2,79,4,1051,7,k__Bacteria; p__Proteobacteria; c__Alphaproteobacteria; o__Rhizobiales; f__Brucellaceae; g__Ochrobactrum; s__
4452634,0,0,0,0,0,0,0,0,0,0,0,0,281,0,0,0,0,0,0,0,0,0,0,0,0,0,0,0,0,234,6,0,0,0,6,0,25,0,4,0,0,0,0,0,0,0,0,0,0,0,0,0,0,0,0,0,0,0,0,0,0,0,0,0,0,0,0,0,0,0,0,0,0,0,0,0,0,0,0,0,0,0,0,k__Bacteria; p__Firmicutes; c__Clostridia; o__Clostridiales; f__Clostridiaceae; g__Clostridium; s__
denovo7650,0,18,5,0,3,0,0,0,1,1,4,2,0,26,1,0,0,0,0,1,1,3,5,5,0,0,0,5,13,0,4,2,2,0,0,4,3,1,0,6,0,0,1,1,0,0,0,2,5,0,18,2,0,7,2,0,0,0,11,3,2,0,0,9,2,0,0,1,0,3,0,14,1,1,0,0,0,0,0,1,0,3,0,k__Bacteria; p__Proteobacteria; c__Alphaproteobacteria; o__Rhizobiales; f__Brucellaceae; g__Ochrobactrum; s__
3091248,1,18,3,0,6,10,1,0,0,0,0,0,0,2,1,0,6,0,1,5,2,0,1,8,1,6,1,5,1,4,0,0,0,0,2,8,39,1,0,0,1,2,0,9,0,5,4,3,1,0,0,0,3,2,1,402,2,0,35,3,2,0,254,0,4,5,6,0,2,0,0,1,0,3,0,130,0,3,1,4,0,0,0,k__Bacteria; p__Proteobacteria; c__Betaproteobacteria; o__Methylophilales; f__Methylophilaceae; g__; s__
denovo79939,0,31,1,4,17,0,0,0,3,2,1,1,0,35,1,0,6,9,4,1,1,8,1,23,0,19,10,3,24,0,14,5,3,0,10,2,3,2,2,9,0,3,24,1,4,0,0,0,3,0,21,1,0,17,2,0,5,0,6,1,1,2,0,15,1,0,13,0,23,5,2,55,3,3,4,0,9,0,19,1,2,4,3,k__Bacteria; p__Actinobacteria; c__Actinobacteria; o__Actinomycetales; f__Sanguibacteraceae; g__Sanguibacter; s__
518380,8,1,4,17,3,14,1,4,2,8,1,4,12,13,18,0,18,0,15,1,5,3,0,3,12,1,4,27,2,44,3,3,0,3,4,9,14,5,7,0,0,1,3,2,6,5,1,1,3,12,0,0,11,0,5,0,1,4,6,6,0,4,35,1,4,9,5,2,3,15,5,3,4,3,10,1,10,6,9,1,12,0,6,k__Bacteria; p__Proteobacteria; c__Betaproteobacteria; o__Burkholderiales; f__Comamonadaceae; g__Methylibium; s__
2685602,0,0,14,4,0,0,7,0,10,4,0,17,0,0,3,10,0,0,0,16,3,0,9,0,0,0,0,1,0,0,1,7,1,0,0,5,0,0,0,0,15,0,0,5,0,0,0,15,14,0,0,17,0,2,0,1,0,18,5,8,0,16,0,12,10,0,0,10,5,5,1,0,1,7,2,0,0,8,0,10,1,0,0,k__Bacteria; p__Proteobacteria; c__Betaproteobacteria; o__Burkholderiales; f__Comamonadaceae; g__Delftia; s__
denovo48477,0,14,8,5,22,0,1,0,1,4,9,7,0,26,12,0,4,0,2,2,1,6,8,15,0,6,9,0,19,0,5,6,3,0,9,3,0,6,0,6,2,1,4,7,3,0,11,6,4,0,25,3,0,14,3,0,6,0,2,15,4,3,0,19,7,1,15,3,2,4,3,26,5,7,2,0,9,2,0,4,2,7,7,k__Bacteria; p__Proteobacteria; c__Gammaproteobacteria; o__Xanthomonadales; f__Xanthomonadaceae; g__Stenotrophomonas
829133,1,0,3,0,8,22,5,0,4,5,2,2,1,0,1,0,14,12,1,4,1,7,4,0,0,3,1,1,0,1,0,3,0,1,0,1,2,0,0,2,1,0,0,3,0,5,17,5,6,0,1,0,0,0,0,283,3,16,2,4,0,0,5,0,8,1,8,3,0,2,0,0,0,5,1,67,9,0,0,0,1,1,0,k__Bacteria; p__Proteobacteria; c__Gammaproteobacteria; o__Aeromonadales; f__Aeromonadaceae; g__; s__
4426763,1,21,0,0,0,7,0,0,2,0,4,10,0,5,0,0,0,0,0,0,0,0,1,1,1,0,0,0,1,0,7,1,0,0,1,6,3,0,0,0,3,1,1,0,0,0,0,0,0,0,0,1,1,81,0,12,6,0,0,0,0,1,2,137,0,0,0,1,2,1,0,1,2,0,0,4,0,3,1,0,0,2,2,k__Bacteria; p__Proteobacteria; c__Betaproteobacteria; o__Burkholderiales; f__Comamonadaceae; g__; s__
denovo44378,0,0,5,2,0,0,19,0,5,5,5,11,0,1,6,40,0,0,0,14,7,6,31,0,0,0,0,0,1,0,0,4,4,0,0,4,0,0,0,3,24,0,1,2,2,0,1,12,4,0,5,14,0,5,2,0,1,11,1,5,6,12,0,3,10,0,0,12,1,4,2,0,3,11,1,0,0,8,1,12,6,2,1,k__Bacteria; p__Actinobacteria; c__Actinobacteria; o__Actinomycetales; f__Cellulomonadaceae; g__Cellulomonas; s__
269781,0,39,64,3,0,0,142,0,79,40,118,68,0,68,41,59,0,0,0,135,78,93,103,4,0,0,1,0,4,0,2,31,17,0,0,51,0,13,0,95,118,0,4,34,3,0,0,137,73,0,64,71,0,49,40,0,0,137,0,28,98,49,0,54,35,0,0,58,1,27,6,24,23,85,3,0,1,18,0,77,15,62,2,k__Bacteria; p__Proteobacteria; c__Alphaproteobacteria; o__Rhizobiales; f__Rhizobiaceae; g__Kaistia; s__
358042,0,2,0,0,5,0,0,0,0,0,8,1,0,7,0,0,6,0,0,0,0,5,0,0,0,7,3,0,1,0,0,0,0,0,2,0,0,0,0,7,0,0,0,0,0,1,6,0,0,0,6,0,0,5,0,0,27,0,0,0,640,0,0,2,0,0,1,0,1,0,0,10,0,0,0,0,5,0,0,0,0,7,0,k__Bacteria; p__Proteobacteria; c__Gammaproteobacteria; o__Pseudomonadales; f__Pseudomonadaceae; g__Pseudomonas; s__
235695,13,174,7596,8789,34,14,11956,12,7124,6156,322,10665,8,223,7568,17693,29,96,18,10290,9951,310,11677,40,8,21,26,14,50,18,19,5193,5631,6,47,7915,32,1398,7,190,11665,25,45,6217,4291,9,41,7571,7377,10,176,8587,12,207,6075,21,69,11547,136,4277,310,8842,15,232,9196,7,20,13373,97,4538,2877,119,2641,10211,4097,29,51,15638,139,11640,6209,167,3987,k__Bacteria; p__Actinobacteria; c__Actinobacteria; o__Actinomycetales; f__Cellulomonadaceae; g__Cellulomonas; s__
545997,23,7,1,0,1,4,0,2,30,2,10,2,8,2,3,10,2,9,8,0,8,1,0,5,9,0,13,7,1,7,2,0,1,0,14,41,2,12,3,0,2,3,0,3,0,1,3,22,3,0,1,0,11,37,1,0,65,4,0,42,5,1,45,14,0,0,3,5,1,5,0,0,0,3,1,1,5,51,0,2,1,1,3,k__Bacteria; p__Proteobacteria; c__Betaproteobacteria; o__Burkholderiales; f__Comamonadaceae; g__; s__
786420,3,154,25,125,5,57,3,73,5,1039,2,17,7,44,99,27,0,21,105,15,2787,9,4,250,2,0,0,1142,11,1,56,17,42,0,4,3,50,21,289,7,26,0,242,125,43,0,5,19,340,1504,3,3,0,21,134,1,4,105,30,9,0,1,1,18,129,0,0,7,17,6,1551,1,2,37,23,11,4,2,12,3,158,1,4,k__Bacteria; p__Verrucomicrobia; c__[Spartobacteria]; o__[Chthoniobacterales]; f__[Chthoniobacteraceae]; g__Candidatus Xiphinematobacter; s__
1145138,35,31,29,41,50,39,2,74,31,33,1,7,11,30,45,1,44,17,86,11,20,6,13,88,30,56,61,82,67,24,89,43,81,73,73,23,85,65,70,10,2,70,71,59,70,91,9,12,41,82,24,23,35,10,47,17,7,2,22,36,1,18,55,1,36,85,65,1,62,49,80,48,64,22,72,42,36,3,81,13,77,9,77,k__Bacteria; p__Proteobacteria; c__Betaproteobacteria; o__Burkholderiales; f__Comamonadaceae
4425214,0,2,1,33,0,0,2,0,2,4,2,1,1,1,4,4,3,0,0,4,0,18,3,0,0,4,0,0,0,1,0,0,0,0,0,1,0,0,0,9,3,0,0,2,0,0,15,3,7,0,5,1,1,8,0,89,1,8,5,4,2,2,1,1,0,2,3,71,1,22,0,1,0,2,3,85,1,8,0,5,1,1,2,k__Bacteria; p__Firmicutes; c__Bacilli; o__Lactobacillales; f__Streptococcaceae; g__Streptococcus; s__
344394,0,1,0,0,12,0,27,4,0,0,79,70,77,0,0,11,0,0,3,0,0,0,0,1,0,1,0,126,5,15,64,0,1,13,17,45,18,0,1,2,16,0,1,0,0,5,0,19,2,0,2,0,0,5,0,0,46,18,0,4,7,5,35,7,0,3,0,2,0,0,0,3,2,0,4,101,0,63,2,0,0,7,5,k__Bacteria; p__Firmicutes; c__Clostridia; o__Clostridiales; f__Peptostreptococcaceae
554250,0,0,0,0,0,0,0,0,1,0,0,0,147,0,0,42,0,0,0,0,0,0,0,0,0,0,0,0,0,45,2,0,0,0,0,0,186,0,6,0,0,0,0,0,0,0,0,0,0,0,0,0,1,0,0,0,0,0,0,0,0,0,0,0,0,0,0,0,0,0,0,0,0,0,0,0,0,0,0,0,0,0,0,k__Bacteria; p__Bacteroidetes; c__Bacteroidia; o__Bacteroidales; f__Bacteroidaceae; g__; s__
2139822,8,0,1,0,4,0,0,4,27,15,3,3,1,1,0,1,6,0,13,0,0,2,0,0,4,0,0,18,0,4,0,1,1,1,1,1,1,2,2,0,3,6,0,0,0,1,0,0,4,0,0,0,5,1,2,28,0,0,0,11,1,3,23,4,0,1,0,0,1,0,0,0,0,0,2,150,0,0,0,0,0,0,1,k__Bacteria; p__Proteobacteria; c__Alphaproteobacteria; o__Caulobacterales; f__Caulobacteraceae; g__; s__
4418260,0,0,0,0,0,3,2,0,0,6,5,1,0,0,1,0,1,0,2,0,1,1,0,0,0,0,0,0,0,0,0,0,0,0,0,0,1,1,0,0,0,0,0,159,0,0,0,4,0,0,0,0,1,1,0,0,1,1,0,0,3,0,0,1,1,0,0,9,0,0,0,0,0,0,0,13,0,2,0,1,0,0,0,k__Bacteria; p__Proteobacteria; c__Betaproteobacteria; o__Burkholderiales; f__Comamonadaceae; g__; s__
denovo20814,0,0,0,0,0,0,0,0,9,0,0,0,24,0,0,0,0,1,0,0,0,0,0,0,0,0,0,0,0,182,29,0,0,0,0,0,0,1,16,0,0,0,0,0,0,0,0,0,0,0,0,0,0,0,0,0,0,0,0,0,0,0,0,0,0,1,0,0,0,0,0,0,0,0,0,0,0,0,0,0,0,0,0,k__Bacteria; p__Proteobacteria; c__Deltaproteobacteria; o__Desulfovibrionales; f__Desulfovibrionaceae; g__; s__
410048,1,1,274,163,3,2,363,0,184,127,14,505,0,8,180,551,0,2,0,534,171,6,363,1,0,1,2,1,1,0,1,211,88,1,0,185,0,42,2,2,736,1,0,218,38,1,0,410,204,0,1,444,0,1,116,0,8,329,2,192,6,382,1,5,294,0,1,760,2,122,20,4,52,354,43,4,0,200,2,399,75,8,83,k__Bacteria; p__Proteobacteria; c__Gammaproteobacteria; o__Pseudomonadales; f__Pseudomonadaceae; g__Pseudomonas; s__
149152,0,0,0,0,14,40,0,0,0,0,0,0,0,0,0,0,23,23,0,0,1,0,0,0,0,12,4,0,0,0,0,0,0,0,1,0,0,0,0,0,0,0,0,1,0,7,25,0,0,0,0,1,0,0,0,640,15,9,8,0,0,0,0,0,12,7,15,0,0,0,0,0,0,13,0,221,13,2,0,0,0,0,0,k__Bacteria; p__Proteobacteria; c__Betaproteobacteria; o__Burkholderiales; f__Alcaligenaceae; g__; s__
denovo21032,0,0,9,3,0,0,24,0,6,5,1,12,0,0,4,21,0,0,0,14,5,3,19,0,0,0,0,0,0,0,0,5,0,0,0,10,0,0,0,0,30,0,0,1,1,0,0,17,6,0,0,12,0,1,4,0,0,11,0,3,0,7,0,0,9,0,0,8,0,5,0,0,1,12,1,0,1,6,0,14,4,2,0,k__Bacteria; p__Proteobacteria; c__Gammaproteobacteria; o__Xanthomonadales; f__Xanthomonadaceae; g__Stenotrophomonas; s__
137981,0,0,14,18,2,2,36,0,26,9,0,29,0,0,20,41,0,0,0,35,16,0,10,0,0,0,0,0,0,0,0,15,8,0,0,40,0,6,0,0,52,0,0,23,5,0,0,45,23,0,0,30,1,0,8,0,0,26,0,6,0,20,0,0,38,1,0,56,0,14,3,0,6,23,4,0,0,20,0,70,10,0,11,k__Bacteria; p__Actinobacteria; c__Actinobacteria; o__Actinomycetales; f__Micrococcaceae; g__; s__
707147,4,0,1,0,4,6,0,2,2,0,1,1,0,0,3,0,4,4,0,1,0,2,4,0,0,5,2,12,0,0,0,1,0,1,1,0,8,1,0,2,6,0,0,7,0,6,5,0,3,0,1,1,0,0,1,79,2,0,4,0,3,2,0,0,2,3,3,0,2,3,0,0,1,1,0,53,4,0,1,7,0,0,8,k__Bacteria; p__Proteobacteria; c__Gammaproteobacteria; o__Vibrionales; f__Pseudoalteromonadaceae; g__Pseudoalteromonas; s__
denovo11242,0,0,5,3,0,0,14,0,5,2,10,17,0,3,7,20,0,1,0,10,4,8,23,0,0,0,0,0,0,0,0,8,0,0,0,9,0,1,0,1,30,0,0,0,0,0,1,6,3,0,3,16,0,2,1,0,0,7,1,2,1,18,0,1,13,0,0,15,0,4,2,1,1,10,2,0,0,10,0,16,1,2,3,k__Bacteria; p__Actinobacteria; c__Actinobacteria; o__Actinomycetales; f__Cellulomonadaceae; g__Cellulomonas; s__
4479347,3,190,3,0,1,30,6,5,8,0,19,14,10,57,8,28,2,11,12,0,12,4,0,42,7,0,52,2,2,2,54,2,0,1,32,312,4,1,2,6,12,3,32,6,0,2,2,150,1,0,0,1,6,882,2,1,161,19,0,9,11,9,42,7719,7,1,20,48,4,3,0,0,0,5,0,62,25,610,1,0,0,2,0,k__Bacteria; p__Proteobacteria; c__Betaproteobacteria; o__Burkholderiales; f__Comamonadaceae; g__Rhodoferax; s__
109263,0,2,0,0,1,0,1,0,0,0,5,2,0,1,1,2,5,226,6,1,0,9,0,0,0,6,4,19,0,0,0,0,0,0,2,1,51,0,2,4,2,7,0,4,1,0,11,1,3,0,5,2,0,1,0,50,7,2,483,0,6,2,0,1,0,0,1,1,124,1,0,2,0,0,0,0,7,0,79,0,0,1,1,k__Bacteria; p__Proteobacteria; c__Gammaproteobacteria; o__Pseudomonadales; f__Pseudomonadaceae; g__Pseudomonas; s__
denovo32796,0,4,8,2,5,0,26,0,1,4,4,17,0,7,11,0,24,0,0,12,3,3,2,0,0,1,1,0,0,0,0,0,0,0,2,11,0,0,0,1,2,0,0,1,0,0,6,5,4,0,1,1,0,3,1,0,6,4,0,2,0,4,0,0,1,0,3,10,0,2,0,1,2,2,0,0,19,3,0,4,0,3,0,k__Bacteria; p__Proteobacteria; c__Betaproteobacteria; o__Burkholderiales; f__Comamonadaceae; g__; s__
817117,20,8,10,10,7,23,0,9,1,12,0,5,12,15,31,0,23,4,37,4,3,4,1,4,4,1,7,50,4,19,7,1,0,4,10,11,25,16,5,0,0,2,3,6,2,11,3,0,13,7,2,0,9,1,8,2,2,1,5,7,0,6,16,0,3,28,12,2,15,13,1,1,4,6,1,3,18,1,11,2,4,0,5,k__Bacteria; p__Proteobacteria; c__Betaproteobacteria; o__Burkholderiales; f__Comamonadaceae; g__RS62; s__
309489,18,0,14,0,29,59,0,12,27,0,17,16,4,0,14,0,51,43,10,27,0,16,18,0,0,34,2,35,1,0,0,7,0,9,7,0,28,7,0,22,47,0,0,59,0,25,47,0,33,0,10,15,0,0,10,1042,17,0,171,10,20,20,0,0,19,20,34,0,27,17,0,4,7,20,0,474,22,0,10,26,0,8,7,k__Bacteria; p__Proteobacteria; c__Gammaproteobacteria; o__Vibrionales; f__Pseudoalteromonadaceae; g__Pseudoalteromonas; s__
denovo62958,0,3,13,8,2,0,14,0,1,6,0,10,0,3,12,13,14,0,0,17,4,0,6,0,0,0,2,0,0,0,0,1,0,0,0,20,1,0,0,1,11,0,0,1,0,0,3,4,9,0,0,2,0,0,2,0,2,10,2,5,0,5,0,1,1,0,1,33,0,3,0,0,1,5,0,0,11,13,0,6,1,1,1,k__Bacteria; p__Proteobacteria; c__Gammaproteobacteria; o__Pseudomonadales; f__Pseudomonadaceae; g__Pseudomonas; s__
4414951,832,568,186,81,86,134,1,208,202,175,18,69,182,254,119,1,172,67,182,36,43,15,135,155,1135,53,174,197,261,546,183,96,46,127,154,218,140,257,83,13,8,531,143,130,46,293,45,88,105,53,101,138,1020,163,295,36,48,8,246,505,1,156,353,40,92,103,95,14,168,137,71,158,281,86,50,92,128,38,86,78,43,16,122,k__Bacteria; p__Proteobacteria; c__Betaproteobacteria; o__Burkholderiales; f__Comamonadaceae; g__Hydrogenophaga; s__
denovo82447,0,0,0,0,0,0,0,0,0,0,1,0,110,0,0,0,0,0,0,0,0,0,0,0,0,0,0,0,1,889,111,0,0,1,88,39,0,0,55,9,0,0,0,0,0,0,0,0,0,0,0,0,0,0,0,310,0,0,0,0,0,0,0,0,0,0,0,0,0,0,0,0,0,0,0,0,0,0,0,0,0,0,0,k__Bacteria; p__Proteobacteria; c__Deltaproteobacteria; o__Desulfovibrionales; f__Desulfovibrionaceae; g__Desulfovibrio; s__
denovo51930,5,2,4,0,2,45,0,0,7,6,0,0,2,1,0,0,12,28,1,3,1,3,5,10,0,6,2,27,4,0,0,1,0,9,2,14,60,3,0,0,2,2,1,2,0,0,6,10,3,0,0,2,4,2,0,360,5,30,116,15,3,3,419,1,7,6,2,3,2,1,0,0,0,4,0,548,17,4,4,4,0,2,0,k__Bacteria; p__Proteobacteria; c__Betaproteobacteria; o__Burkholderiales; f__Oxalobacteraceae
4345285,3,2,0,3,2,0,5,1,10,4,5,4,0,0,3,2,3,0,0,3,9,4,11,0,0,3,0,2,0,0,0,1,0,0,1,11,1,1,0,13,4,2,0,7,2,7,2,10,2,0,1,10,4,3,4,147,1,18,11,3,7,2,35,10,15,4,4,13,4,2,0,1,3,6,2,81,2,8,0,11,6,5,1,k__Bacteria; p__Firmicutes; c__Bacilli; o__Bacillales; f__Staphylococcaceae; g__Staphylococcus; s__
denovo55484,0,10,4,3,11,0,5,0,2,1,27,5,0,21,2,12,8,0,0,4,2,16,3,0,0,12,2,0,2,0,0,2,1,0,1,0,0,1,0,11,2,0,0,1,0,0,14,6,1,0,11,3,0,20,0,0,20,7,0,2,30,4,0,18,1,0,1,7,2,0,0,4,0,1,0,0,15,3,0,4,0,16,0,k__Bacteria; p__Actinobacteria; c__Actinobacteria; o__Actinomycetales; f__Cellulomonadaceae
91962,0,0,5,1,2,0,30,0,8,4,6,13,0,1,4,38,8,0,0,35,7,7,22,0,0,11,5,0,0,0,0,1,0,0,0,4,0,1,0,4,35,0,0,4,0,0,6,16,7,0,1,12,0,2,3,0,15,19,0,6,4,8,1,2,9,0,4,15,0,2,1,0,1,4,1,0,3,5,0,14,3,1,0,k__Bacteria; p__Proteobacteria; c__Gammaproteobacteria; o__Enterobacteriales; f__Enterobacteriaceae; g__; s__
denovo39094,0,1,16,8,2,0,26,0,12,8,4,37,0,1,15,39,3,1,0,19,12,4,52,0,0,3,1,0,0,0,0,20,2,0,0,14,0,1,0,5,66,0,0,9,3,0,1,24,16,0,2,18,0,4,3,0,4,38,0,18,2,22,0,2,28,0,0,44,0,7,0,2,3,24,2,0,2,12,0,36,4,1,2,k__Bacteria; p__Proteobacteria; c__Gammaproteobacteria; o__Pseudomonadales; f__Pseudomonadaceae; g__Pseudomonas; s__
denovo30849,0,15,0,0,11,0,0,0,0,1,46,0,1,33,0,1,10,1,0,0,0,26,0,2,0,13,4,0,1,0,0,0,0,0,0,0,0,0,0,35,0,0,2,1,0,0,15,1,0,0,17,0,0,30,0,0,27,0,0,0,45,0,0,20,2,0,4,2,1,0,0,7,0,0,0,0,10,0,0,0,0,15,0,k__Bacteria; p__Proteobacteria; c__Gammaproteobacteria; o__Pseudomonadales; f__Pseudomonadaceae
denovo9128,7,3,45,11,15,21,46,7,5,11,3,26,3,7,34,0,43,11,30,25,27,10,2,4,2,6,3,41,1,9,10,3,2,7,13,33,20,13,3,3,2,0,2,9,3,10,13,1,17,10,2,4,2,5,5,5,8,15,5,5,0,9,3,0,2,23,14,12,10,12,5,4,5,20,6,5,31,10,9,3,12,3,3,k__Bacteria; p__Proteobacteria; c__Betaproteobacteria; o__Burkholderiales; f__Comamonadaceae
219439,0,0,1,0,0,0,3,0,0,0,0,1,0,0,1,10,1,7,3,2,0,1,3,0,1,1,0,11,1,0,0,2,0,0,0,5,12,0,0,2,5,1,0,3,0,1,1,2,3,0,1,3,0,0,0,15,0,5,151,2,3,3,0,0,2,0,0,1,47,1,0,2,1,2,0,29,2,2,26,3,0,1,0,k__Bacteria; p__Proteobacteria; c__Gammaproteobacteria; o__Xanthomonadales; f__Xanthomonadaceae; g__; s__
denovo53994,38,31,13,3,2,9,1,12,16,12,0,3,22,16,5,0,10,4,15,2,2,1,10,20,46,3,11,8,19,41,10,2,5,2,12,15,5,21,4,1,0,43,7,8,1,28,2,6,2,0,9,8,48,13,17,2,2,2,5,41,0,11,7,1,1,4,0,0,6,5,5,9,33,6,2,3,12,2,4,5,6,0,15,k__Bacteria; p__Proteobacteria; c__Betaproteobacteria; o__Burkholderiales
252822,0,6,123,16,7,0,392,0,200,94,42,265,0,11,99,76,1,0,0,309,426,33,320,3,0,1,3,0,2,0,0,102,15,0,1,301,0,34,0,26,483,0,1,148,9,0,0,418,209,0,14,217,0,27,69,0,0,321,0,73,24,148,0,19,201,0,1,293,1,133,7,5,49,167,9,0,1,87,0,379,28,13,18,k__Bacteria; p__Proteobacteria; c__Alphaproteobacteria; o__Rhizobiales; f__Rhizobiaceae; g__Agrobacterium; s__
denovo28483,0,0,0,0,0,0,0,0,0,0,0,0,513,0,0,0,0,0,0,0,0,0,0,0,0,0,0,0,0,0,0,0,0,0,0,0,0,0,0,0,0,0,0,0,0,0,0,0,0,0,0,0,0,0,0,0,0,0,0,0,0,0,0,0,0,0,0,0,0,0,0,0,0,0,0,0,0,0,0,0,0,0,0,k__Bacteria; p__Bacteroidetes; c__Bacteroidia; o__Bacteroidales; f__Porphyromonadaceae; g__Parabacteroides; s__
140829,1,0,2,0,4,19,0,1,0,0,2,1,0,0,3,0,5,9,1,3,0,5,2,0,0,4,2,4,0,0,0,1,0,0,0,0,5,0,0,1,7,0,0,8,0,1,7,0,2,0,3,3,0,0,0,190,2,0,34,2,2,1,0,0,3,2,2,0,3,3,0,1,1,4,0,61,4,0,5,9,0,3,2,k__Bacteria; p__Proteobacteria; c__Gammaproteobacteria; o__Vibrionales; f__Pseudoalteromonadaceae; g__Pseudoalteromonas; s__
denovo82673,19,3,10,3,4,1,2,28,13,7,1,7,8,2,21,2,6,1,47,1,3,0,5,2,7,0,12,39,2,10,1,23,1,7,10,15,1,23,13,0,5,21,1,4,3,3,0,1,5,0,1,1,16,4,10,0,4,1,4,43,2,11,83,4,29,1,6,1,3,1,3,3,4,13,4,0,1,1,2,2,2,0,4,k__Bacteria; p__Proteobacteria; c__Betaproteobacteria; o__Burkholderiales; f__Oxalobacteraceae; g__; s__
4353625,10,0,9,0,20,52,0,4,9,0,21,15,2,0,11,0,35,43,4,17,0,23,21,0,0,29,8,30,1,0,0,4,0,8,1,0,16,8,0,29,72,0,0,45,0,17,48,0,19,0,6,30,0,0,6,997,17,0,106,4,20,13,0,0,15,7,24,0,9,8,0,2,9,13,0,533,20,0,7,37,0,9,9,k__Bacteria; p__Proteobacteria; c__Gammaproteobacteria; o__Vibrionales; f__Pseudoalteromonadaceae; g__Pseudoalteromonas; s__
3877343,0,0,0,0,0,0,0,0,0,0,0,0,410,0,0,0,0,0,0,0,0,0,0,0,0,0,0,0,0,6,0,0,0,0,0,0,0,0,0,0,0,0,0,0,0,0,0,0,0,0,0,0,0,0,0,0,0,0,0,0,0,0,0,0,0,0,0,0,0,1,0,0,0,0,0,0,0,0,0,0,0,0,0,k__Bacteria; p__Proteobacteria; c__Betaproteobacteria; o__Neisseriales; f__Neisseriaceae; g__Microvirgula
719367,0,55,0,0,0,4,0,1,4,0,8,3,0,13,0,5,2,0,2,0,1,0,0,20,3,0,5,3,0,0,17,0,1,1,9,46,1,1,0,0,3,1,12,1,1,2,1,22,0,0,0,0,1,98,0,0,25,1,0,1,2,1,8,399,1,1,2,1,0,0,0,0,0,0,1,2,0,54,0,0,0,0,5,k__Bacteria; p__Proteobacteria; c__Betaproteobacteria; o__Burkholderiales; f__Comamonadaceae; g__; s__
218154,4,10,0,0,5,0,0,3,13,0,8,20,1,1,0,1,8,0,8,0,0,0,2,7,7,1,0,24,4,2,2,0,2,2,20,30,1,17,1,0,17,5,3,1,0,4,0,12,0,0,0,5,2,19,1,0,5,1,0,32,7,10,19,38,1,0,0,2,0,1,0,0,1,0,0,0,0,7,0,0,0,0,10,k__Bacteria; p__Proteobacteria; c__Alphaproteobacteria; o__Rhizobiales; f__Rhizobiaceae; g__; s__
359872,0,0,0,0,0,0,0,0,0,0,0,0,5,0,0,0,0,0,0,0,0,0,0,0,0,0,0,0,1,376,7,0,0,0,17,0,0,1,0,0,0,0,0,0,0,0,0,0,0,0,0,0,0,0,0,0,0,0,0,0,0,0,0,0,0,0,1,0,0,0,0,0,0,0,0,0,0,0,0,0,0,0,0,k__Bacteria; p__Proteobacteria; c__Deltaproteobacteria; o__Desulfovibrionales; f__Desulfovibrionaceae; g__Bilophila; s__
4456068,0,11,102,37,0,1,269,1,95,70,68,135,0,21,55,166,1,193,0,193,229,63,150,4,0,1,0,5,2,0,8,65,20,1,1,81,2,17,1,42,247,9,1,63,4,1,2,219,65,1,42,124,0,48,49,0,2,248,14,51,56,163,1,27,123,0,1,253,9,38,6,7,32,138,11,5,2,75,5,148,25,54,12,k__Bacteria; p__Proteobacteria; c__Betaproteobacteria; o__Burkholderiales; f__Comamonadaceae; g__; s__
4406967,93,0,83,0,137,485,0,25,96,0,75,99,27,1,106,0,254,344,52,116,0,102,132,0,0,155,32,251,7,1,0,39,0,41,24,0,136,26,0,152,327,3,0,311,0,160,323,0,163,0,51,116,1,0,68,7753,109,0,962,28,128,88,0,0,146,70,151,0,101,102,0,14,40,98,0,3210,134,0,63,219,0,61,21,k__Bacteria; p__Proteobacteria; c__Gammaproteobacteria; o__Vibrionales; f__Pseudoalteromonadaceae; g__Pseudoalteromonas; s__
denovo29116,45,1,2,1,1,0,0,1,3,2,0,0,33,0,4,0,5,0,6,0,0,0,1,1,17,0,0,4,0,77,1,0,0,0,2,1,0,1,0,0,0,3,0,0,0,0,1,0,0,0,0,0,21,0,0,0,0,0,0,0,0,2,74,0,0,1,1,3,0,3,2,0,1,2,0,0,1,1,0,0,0,0,0,k__Bacteria; p__Proteobacteria; c__Betaproteobacteria; o__Burkholderiales; f__Comamonadaceae; g__; s__
denovo59947,0,1,4,3,3,0,7,0,0,3,15,10,0,2,3,35,1,1,0,20,2,2,22,0,0,8,0,0,0,0,0,5,1,0,1,4,0,1,0,4,31,0,0,2,0,0,6,2,5,0,2,6,0,2,2,0,9,11,0,4,6,3,0,2,6,0,3,15,0,2,0,1,1,8,0,0,3,5,0,6,4,6,0,k__Bacteria; p__Proteobacteria; c__Gammaproteobacteria; o__Enterobacteriales; f__Enterobacteriaceae
4378239,8,4510,503,519,4771,8,835,3,508,526,8693,680,3,6029,476,959,3076,6893,133,886,717,9625,627,1019,3,4733,1087,249,1626,4,426,523,367,5,876,382,520,107,95,7563,742,329,1088,240,161,7,5989,827,458,15,6219,618,6,7274,323,15,5677,988,3523,296,9894,544,16,7711,548,8,2318,712,3195,387,130,3125,146,548,215,12,4851,730,2543,595,411,8166,205,k__Bacteria; p__Actinobacteria; c__Actinobacteria; o__Actinomycetales; f__Cellulomonadaceae
denovo40356,0,0,0,0,0,0,0,0,0,0,0,0,569,0,0,0,0,0,0,0,0,0,0,0,0,0,0,0,0,27,7,0,0,0,0,0,0,0,3,0,0,0,0,0,0,0,0,0,0,0,0,0,0,0,0,13,0,0,0,0,0,0,0,0,0,0,0,0,0,0,0,0,0,0,0,0,0,0,0,0,0,0,0,k__Bacteria; p__Bacteroidetes; c__Bacteroidia; o__Bacteroidales; f__S24-7; g__; s__
539296,0,0,0,0,0,0,0,0,1,0,0,0,171,0,0,0,0,0,0,0,0,0,0,0,0,0,0,0,0,151,15,0,0,0,11,2,0,0,4,3,0,0,1,0,0,0,0,0,0,0,0,0,0,0,0,0,0,0,0,0,0,0,0,0,0,0,0,0,0,0,0,0,0,0,0,0,0,0,0,0,0,0,0,k__Bacteria; p__Firmicutes; c__Clostridia; o__Clostridiales; f__Ruminococcaceae; g__Ruminococcus; s__
denovo36375,0,39,0,4,16,0,9,0,0,1,83,1,0,60,0,5,25,28,0,1,2,83,2,15,0,16,5,0,13,0,6,1,1,0,5,4,0,0,0,141,5,2,13,0,0,0,49,5,2,0,33,2,0,78,0,0,46,4,7,1,89,1,0,94,5,0,20,4,17,3,0,19,0,2,0,0,33,4,7,2,0,24,0,k__Bacteria; p__Actinobacteria; c__Actinobacteria; o__Actinomycetales; f__Nocardiaceae; g__Rhodococcus; s__
107461,7,5,1,0,0,2,0,1,32,0,5,4,2,1,0,4,3,5,6,1,0,0,0,3,13,0,3,16,3,8,2,1,0,1,1,1,3,8,0,1,2,33,0,0,0,2,0,2,1,0,0,1,30,1,1,0,2,3,1,12,0,0,45,6,0,0,2,0,0,5,1,1,0,0,0,0,0,0,0,0,0,0,0,k__Bacteria; p__Proteobacteria; c__Alphaproteobacteria; o__Rhizobiales; f__; g__; s__
557138,0,26,0,0,65,0,2,0,0,0,99,0,0,60,0,0,44,2,0,0,0,78,1,8,0,218,112,0,23,0,1,0,0,0,27,0,0,0,0,67,1,0,6,0,0,1,99,0,0,0,66,0,0,61,0,0,122,0,0,0,83,0,1,35,0,1,43,0,1,0,0,27,0,0,0,0,171,0,0,1,0,243,0,k__Bacteria; p__Proteobacteria; c__Gammaproteobacteria; o__Pseudomonadales; f__Pseudomonadaceae; g__Pseudomonas; s__
denovo20674,1,7,10,1,8,0,0,0,15,4,3,6,0,13,7,0,5,0,0,1,1,3,18,6,0,2,5,0,8,0,3,4,1,0,3,8,0,4,0,9,0,0,4,4,3,0,2,4,8,0,12,3,0,8,3,0,8,0,1,5,0,11,0,3,7,0,12,2,2,4,2,15,4,5,1,0,10,1,2,7,1,4,0,k__Bacteria; p__Proteobacteria; c__Betaproteobacteria; o__Burkholderiales; f__Comamonadaceae; g__; s__
537062,1,270,0,1,1031,1,1,2,1,1,2207,1,0,728,0,0,606,1,1,1,1,2044,0,150,0,828,327,0,149,1,74,1,0,1,178,1,0,1,1,1833,3,3,105,2,0,0,2217,0,2,0,1207,0,0,1604,3,0,1206,1,0,0,2403,0,2,1007,1,0,1023,0,0,0,0,398,1,0,0,2,1309,0,2,0,1,1491,0,k__Bacteria; p__Proteobacteria; c__Gammaproteobacteria; o__Xanthomonadales; f__Xanthomonadaceae; g__; s__
denovo40545,0,68,24,14,84,0,1,0,22,17,8,10,0,88,25,1,54,2,0,9,5,16,21,18,0,42,74,0,39,0,11,31,9,0,65,11,2,10,0,18,1,0,16,24,9,0,10,7,21,0,51,22,0,30,15,0,38,1,4,36,8,12,0,54,45,0,42,4,6,25,9,62,20,23,11,0,44,2,4,11,20,23,19,k__Bacteria; p__Proteobacteria; c__Gammaproteobacteria; o__Pseudomonadales; f__Pseudomonadaceae; g__Pseudomonas; s__
4316720,0,41,0,0,98,0,0,0,0,0,144,1,0,56,0,0,91,11,0,0,0,107,0,3,0,135,44,0,9,0,2,0,0,0,27,0,0,0,0,124,0,0,2,0,0,0,192,1,0,0,86,1,0,68,0,0,261,0,0,0,131,0,0,52,0,0,58,0,2,0,0,22,0,0,0,1,98,0,1,0,0,125,0,k__Bacteria; p__Proteobacteria; c__Gammaproteobacteria; o__Pseudomonadales; f__Pseudomonadaceae; g__Pseudomonas; s__
denovo80651,0,6,7,4,0,0,10,0,5,3,1,10,0,6,5,3,3,0,0,1,1,2,26,0,0,1,6,0,3,0,0,1,0,0,0,9,0,0,0,0,2,0,0,3,0,0,7,15,1,0,4,8,0,4,11,0,10,3,2,24,0,24,0,0,3,0,0,3,0,0,0,0,5,3,0,1,7,21,0,2,0,0,1,k__Bacteria; p__Proteobacteria; c__Gammaproteobacteria; o__Pseudomonadales; f__Pseudomonadaceae; g__Pseudomonas; s__
845178,1,354,11,0,1154,1,15,0,7,6,928,9,1,621,3,3,887,26,2,16,11,659,3,48,0,980,633,5,92,1,22,1,2,0,310,5,19,1,0,649,13,5,37,5,0,1,1573,8,10,1,764,7,1,513,2,7,2285,10,111,6,842,3,2,555,9,3,701,5,85,3,0,177,2,13,2,3,1545,1,51,7,1,1266,5,k__Bacteria; p__Proteobacteria; c__Gammaproteobacteria; o__Pseudomonadales; f__Pseudomonadaceae; g__Pseudomonas; s__
269930,0,0,110,133,1,2,78,0,62,45,2,95,0,0,46,195,0,640,1,133,68,1,112,0,1,0,0,19,0,0,0,55,38,0,0,45,25,9,8,0,160,8,0,74,10,0,0,99,57,3,0,96,0,0,37,0,1,128,228,38,0,104,0,0,87,0,0,105,7,49,4,1,18,109,6,4,0,33,5,82,8,1,12,k__Bacteria; p__Proteobacteria; c__Gammaproteobacteria; o__Pseudomonadales; f__Pseudomonadaceae; g__; s__
817507,0,0,32,2,0,0,74,0,29,15,1,22,0,2,14,27,0,1087,15,86,47,0,43,0,0,0,0,17,0,0,0,6,3,0,0,42,56,18,12,0,75,8,0,14,1,0,0,67,37,0,0,29,0,0,11,0,0,67,378,10,1,19,0,2,10,0,0,36,6,30,1,0,7,24,1,0,0,13,3,40,7,0,0,k__Bacteria; p__Proteobacteria; c__Alphaproteobacteria; o__Rhizobiales; f__Brucellaceae
denovo51483,1,1,13,3,8,0,33,0,6,4,3,27,0,9,22,15,25,0,0,52,9,8,7,1,0,0,2,0,0,0,0,2,0,0,2,11,0,4,0,0,23,0,0,5,1,0,6,4,9,0,0,5,0,1,3,0,8,25,2,1,0,8,0,3,5,0,4,36,1,8,0,0,3,12,0,0,26,22,0,11,1,0,4,k__Bacteria; p__Proteobacteria; c__Betaproteobacteria; o__Burkholderiales; f__Comamonadaceae; g__; s__
4449458,1,1,88,19,0,5,2834,0,84,76,6,152,0,0,80,76,1,0,1,197,155,2,96,1,0,1,5,0,0,0,0,44,24,0,1,104,0,10,4,1,158,0,0,94,7,2,4,237,98,0,4,110,0,1,44,21,1,248,0,45,0,84,1,1,101,0,0,166,0,79,3,0,27,88,3,2,0,38,2,132,20,1,11,k__Bacteria; p__Proteobacteria; c__Gammaproteobacteria; o__Pseudomonadales; f__Moraxellaceae; g__Acinetobacter; s__
denovo30758,0,4,1,1,12,0,3,0,2,1,36,2,0,12,1,3,3,1,0,0,0,23,1,0,0,3,0,0,2,0,1,0,0,0,0,1,0,0,0,11,0,0,2,0,0,0,14,0,0,0,14,1,0,15,1,0,9,0,1,0,28,0,0,17,0,0,1,2,1,0,0,5,0,1,1,0,12,2,2,1,0,8,1,k__Bacteria; p__Actinobacteria; c__Actinobacteria; o__Actinomycetales; f__Sanguibacteraceae; g__Sanguibacter; s__
denovo76,1,42,58,146,58,0,1,0,42,42,22,42,0,62,67,5,44,1,1,33,21,14,108,8,0,51,52,0,18,1,3,100,35,0,35,31,0,41,0,20,11,1,4,50,41,3,20,37,62,0,39,71,0,35,54,0,57,8,7,64,6,55,1,1,76,0,34,20,3,72,38,34,37,85,66,0,26,32,1,72,55,45,51,k__Bacteria; p__Proteobacteria; c__Betaproteobacteria; o__Burkholderiales; f__Comamonadaceae; g__; s__
4430952,1,0,630,163,0,1,1076,2,635,423,1,1018,1,2,474,797,0,1,1,1274,918,1,849,1,1,2,4,1,2,1,0,487,111,0,4,718,4,156,2,0,1557,3,2,338,53,0,2,1553,558,0,2,801,2,0,279,2,2,1312,4,338,1,603,0,1,687,1,1,1004,3,442,38,0,161,592,46,3,2,382,4,1066,139,0,69,k__Bacteria; p__Proteobacteria; c__Gammaproteobacteria; o__Xanthomonadales; f__Xanthomonadaceae; g__Stenotrophomonas; s__
4303191,0,0,17,5,0,3,77,0,31,13,0,28,0,0,10,9,0,0,0,43,75,0,57,0,0,0,0,0,0,0,0,13,4,0,0,44,0,2,0,0,45,0,0,23,1,0,0,65,39,0,0,22,0,0,22,0,0,72,0,8,0,26,0,0,29,0,0,31,0,20,4,0,8,32,3,0,0,11,1,51,7,1,4,k__Bacteria; p__Proteobacteria; c__Alphaproteobacteria; o__Rhizobiales; f__; g__; s__
denovo50816,11,4,10,17,3,5,16,2,6,15,0,14,9,3,6,0,7,6,1,5,14,1,21,3,13,7,17,1,13,5,0,0,4,0,1,30,2,0,2,2,0,4,1,2,1,4,4,37,0,1,3,16,17,6,2,0,4,7,21,5,0,33,11,1,1,0,0,8,0,1,3,0,14,13,0,40,37,36,1,7,2,3,10,k__Bacteria; p__Proteobacteria; c__Betaproteobacteria; o__Methylophilales; f__Methylophilaceae; g__; s__
68617,1,13,1,1,0,15,1,0,0,0,52,3,0,25,1,1,2,14,1,2,0,53,0,5,0,1,1,4,4,0,0,1,1,2,0,1,1,1,0,46,2,0,2,1,0,1,4,0,2,0,34,1,0,30,0,125,3,2,3,0,55,0,0,19,0,0,3,0,1,0,0,4,0,0,1,40,0,0,1,1,2,54,0,k__Bacteria; p__Proteobacteria; c__Betaproteobacteria; o__Burkholderiales; f__Alcaligenaceae; g__Achromobacter; s__
denovo9991,0,52,5,2,41,0,5,0,3,3,48,4,0,54,3,0,23,11,3,2,0,15,0,28,0,46,20,5,39,0,8,7,12,0,12,7,8,4,2,40,5,9,28,2,3,0,17,12,5,0,44,0,0,41,2,0,59,1,14,8,33,2,0,38,5,0,21,3,36,2,4,56,1,2,1,0,25,2,56,3,3,20,3,k__Bacteria; p__Actinobacteria; c__Actinobacteria; o__Actinomycetales; f__Sanguibacteraceae; g__Sanguibacter; s__
4320368,159,87,88,65,39,64,1,40,62,49,19,73,138,58,139,0,131,19,209,52,29,16,62,45,61,5,24,172,9,273,57,54,15,20,52,108,90,65,21,13,3,14,26,69,20,46,11,25,88,23,9,51,57,86,49,7,16,2,28,67,4,66,200,76,50,78,44,24,75,79,19,24,25,99,25,15,102,41,41,44,34,8,43,k__Bacteria; p__Proteobacteria; c__Betaproteobacteria; o__Burkholderiales; f__Comamonadaceae; g__; s__
denovo14820,0,3,3,7,1,0,19,0,5,3,9,14,0,1,2,74,0,0,0,20,2,3,16,0,0,0,1,0,0,0,0,2,0,0,1,5,0,0,0,0,39,0,0,4,0,0,0,15,3,0,0,7,0,16,1,0,8,13,0,4,9,13,0,54,6,0,0,21,0,2,1,0,1,8,0,0,1,16,0,12,3,1,0,k__Bacteria; p__Proteobacteria; c__Betaproteobacteria; o__Burkholderiales; f__Comamonadaceae; g__; s__
denovo43247,0,7,2,0,21,0,5,0,5,0,73,7,0,21,3,2,12,0,0,9,1,39,10,0,0,8,10,0,1,0,0,0,0,0,5,2,0,0,0,41,21,0,0,0,0,0,30,7,3,0,14,6,0,28,0,0,62,3,0,1,60,2,0,17,1,1,14,8,0,0,0,5,1,3,0,0,28,1,0,4,1,16,0,k__Bacteria; p__Proteobacteria; c__Gammaproteobacteria; o__Xanthomonadales; f__Xanthomonadaceae; g__; s__
1105883,15,0,11,0,22,27,1,6,10,0,8,8,4,0,25,0,45,16,16,9,0,3,31,0,0,23,8,56,1,0,0,11,0,21,5,0,32,7,0,15,30,0,0,42,0,43,29,0,23,0,8,18,0,0,8,152,12,0,57,6,8,2,0,0,22,30,26,0,19,14,0,4,10,12,0,125,21,0,12,22,0,6,27,k__Bacteria; p__Proteobacteria; c__Gammaproteobacteria; o__Vibrionales; f__Pseudoalteromonadaceae; g__Pseudoalteromonas; s__
denovo2982,0,0,1,0,0,0,0,0,0,0,0,1,763,0,1,0,1,0,0,0,3,0,0,0,0,0,0,0,0,225,51,0,0,0,43,1,39,0,6,1,0,0,0,0,1,3,0,0,0,0,0,0,0,0,0,73,1,0,0,0,0,0,0,0,0,1,0,0,0,0,0,0,0,0,0,0,0,1,0,0,0,0,1,k__Bacteria; p__Firmicutes; c__Clostridia; o__Clostridiales; f__Lachnospiraceae; g__Epulopiscium; s__
159950,2,0,0,3,0,5,0,0,0,0,0,0,2,0,0,0,0,1,1,1,0,0,0,0,3,0,1,22,0,1,0,0,1,1,1,1,15,5,1,0,0,0,1,3,0,0,0,1,1,0,0,0,1,0,0,134,0,0,4,5,2,0,420,0,7,1,1,4,1,1,0,0,0,3,1,126,0,5,1,2,0,1,0,k__Bacteria; p__Proteobacteria; c__Betaproteobacteria; o__Burkholderiales; f__Comamonadaceae
151176,0,0,9,0,0,0,2,0,0,0,0,6,1,0,56,0,0,0,0,0,0,0,3,0,0,0,0,0,0,0,0,4,0,0,0,0,0,0,0,1,3,0,0,81,0,0,0,6,2,0,0,2,0,0,5,0,0,0,0,1,0,2,2,0,32,1,0,0,0,1,0,0,8,36,0,0,0,0,0,1,0,0,4,k__Bacteria; p__Proteobacteria; c__Alphaproteobacteria; o__Rhizobiales; f__Methylobacteriaceae; g__Methylobacterium; s__organophilum
394796,1,7,1716,805,2,2,2494,1,1517,867,23,2553,3,19,1021,2743,3,60,2,3270,1891,28,1932,4,4,2,7,1,3,2,1,1217,660,1,6,1189,4,273,0,16,3819,3,4,1619,179,1,0,3179,1506,4,20,2309,1,17,853,1,0,2662,42,1049,30,1961,4,12,1905,0,0,3154,39,792,146,8,419,1873,226,0,8,1055,26,2678,389,32,404,k__Bacteria; p__Proteobacteria; c__Gammaproteobacteria; o__Pseudomonadales; f__Pseudomonadaceae; g__Pseudomonas; s__viridiflava
denovo8416,11,7,2,3,2,2,5,1,3,16,0,19,5,3,2,0,5,7,0,1,11,0,15,7,12,3,7,0,12,3,0,0,2,0,1,21,0,0,0,0,0,5,0,3,2,1,5,30,0,0,3,17,14,3,5,4,5,8,14,8,0,41,4,0,0,2,0,4,0,3,4,1,13,6,1,41,16,17,3,4,0,1,8,k__Bacteria; p__Proteobacteria; c__Betaproteobacteria; o__Methylophilales; f__Methylophilaceae
denovo15258,0,4,17,1,7,0,58,0,3,7,2,32,1,6,22,0,5,5,0,21,17,8,3,1,0,2,1,0,0,0,0,1,0,0,0,35,1,1,0,3,7,0,1,4,1,0,2,4,7,0,0,2,0,7,2,0,4,22,4,3,0,4,1,5,4,0,1,11,3,4,0,1,1,11,0,0,23,21,1,4,6,0,1,k__Bacteria; p__Proteobacteria; c__Betaproteobacteria; o__Burkholderiales; f__Comamonadaceae; g__; s__
3701019,0,16,1,1,2,17,4,20,1,7,1,9,0,0,10,0,0,0,8,1,11,2,7,22,0,0,0,121,9,0,8,2,2,0,0,0,5,2,2,2,22,0,9,3,0,0,0,23,38,2,1,4,0,2,9,0,0,49,0,1,0,0,5,1,15,2,0,1,4,2,3,1,9,0,0,6,0,0,2,0,1,2,2,k__Bacteria; p__Proteobacteria; c__Betaproteobacteria; o__Burkholderiales; f__Oxalobacteraceae
315609,1,5,1,0,11,6,0,1,3,0,3,3,2,2,2,2,8,4,4,2,15,1,8,2,3,1,1,22,3,4,1,0,0,0,2,10,5,2,0,0,14,1,3,7,0,1,4,2,1,0,0,2,3,6,3,364,5,35,84,19,1,6,334,4,1,3,0,7,3,0,1,0,1,1,0,178,5,16,1,1,1,1,6,k__Bacteria; p__Proteobacteria; c__Betaproteobacteria; o__Burkholderiales; f__Comamonadaceae; g__; s__
2360704,1,2,40,18,0,0,7,2,28,18,0,13,0,1,26,14,1,2,0,41,12,0,49,0,1,0,0,1,0,1,0,34,3,0,0,13,1,16,2,1,16,0,0,17,2,1,0,21,34,0,0,43,1,1,12,1,0,11,3,23,0,22,1,4,37,0,0,22,9,20,4,0,14,24,12,0,0,6,3,36,6,0,6,k__Bacteria; p__Proteobacteria; c__Betaproteobacteria; o__Burkholderiales; f__Comamonadaceae
130455,0,42,0,0,19,0,0,0,0,0,89,0,0,42,0,0,28,26,0,0,0,85,1,8,0,6,3,0,11,0,4,0,0,0,5,0,0,0,0,136,0,3,9,0,0,0,49,0,0,0,16,0,0,71,0,0,42,0,3,0,91,0,0,95,0,0,13,0,15,0,0,18,0,0,0,0,37,0,6,0,0,30,1,k__Bacteria; p__Actinobacteria; c__Actinobacteria; o__Actinomycetales; f__Nocardiaceae; g__Rhodococcus; s__
denovo80779,126,73,19,27,5,10,2,22,14,20,0,8,42,26,12,0,20,4,12,2,1,2,26,11,138,6,21,23,35,88,16,10,10,5,17,18,6,30,6,1,0,62,6,9,7,21,7,14,5,11,27,17,108,11,35,0,9,1,23,62,0,20,30,1,7,1,2,1,12,3,32,19,45,8,8,9,18,26,6,6,0,0,31,k__Bacteria; p__Proteobacteria; c__Betaproteobacteria; o__Burkholderiales; f__Comamonadaceae; g__Hydrogenophaga; s__
2534143,0,4,1,0,8,0,2,0,1,0,6,2,0,5,2,0,5,14,0,0,0,7,0,0,0,6,4,1,1,0,0,0,0,0,3,0,2,0,0,7,1,2,1,0,0,0,16,2,1,0,11,2,0,5,0,3,23,0,35,0,10,1,0,6,0,0,6,2,7,1,0,1,0,0,0,0,6,0,4,5,0,11,0,k__Bacteria; p__Proteobacteria; c__Gammaproteobacteria; o__Pseudomonadales; f__Pseudomonadaceae; g__Pseudomonas; s__
640071,0,8,0,0,38,0,0,0,0,0,40,0,0,28,0,0,28,7,0,0,0,39,0,1,0,34,27,0,0,0,1,0,0,0,20,1,0,0,0,29,0,0,4,0,0,0,49,0,0,0,24,0,0,29,0,0,69,0,0,0,38,0,0,15,0,0,19,0,0,0,0,15,0,0,0,0,31,0,0,0,0,27,0,k__Bacteria; p__Proteobacteria; c__Gammaproteobacteria; o__Pseudomonadales; f__Pseudomonadaceae; g__Pseudomonas; s__
322934,0,4,18,8,7,25,0,5,1,8,0,6,0,18,29,0,23,6,36,9,2,0,0,2,1,1,4,49,0,0,5,1,2,5,9,14,31,10,1,1,0,0,4,8,3,10,2,1,10,2,1,0,0,1,7,2,1,0,8,3,0,3,0,0,3,22,8,2,15,11,1,2,1,3,3,3,12,0,6,0,2,1,0,k__Bacteria; p__Proteobacteria; c__Betaproteobacteria; o__Burkholderiales; f__Comamonadaceae; g__; s__
306704,0,1,0,0,8,0,20,0,3,1,15,12,391,0,0,2,1,0,0,0,0,0,0,1,0,0,1,24,3,66,158,0,4,2,32,49,29,0,14,0,0,0,0,0,0,11,3,0,0,1,0,0,0,10,0,0,36,13,0,1,2,0,0,2,0,2,2,0,0,0,0,0,0,0,1,36,0,94,1,0,0,4,4,k__Bacteria; p__Firmicutes; c__Clostridia; o__Clostridiales; f__Peptostreptococcaceae; g__; s__
640392,0,0,1,0,0,12,0,0,0,0,1,1,0,0,3,0,2,8,0,1,0,1,4,0,0,9,1,5,0,0,0,0,0,2,0,0,0,0,0,4,3,0,0,0,0,1,2,0,2,0,0,2,0,0,1,223,3,0,7,0,2,3,0,0,1,0,6,0,0,3,0,1,0,2,0,66,0,0,0,4,0,1,4,k__Bacteria; p__Firmicutes; c__Bacilli; o__Lactobacillales; f__Streptococcaceae; g__Streptococcus; s__
811462,0,0,0,0,0,0,0,0,0,0,0,0,70,0,0,0,0,0,0,0,0,0,0,0,0,0,0,0,0,185,21,0,0,0,14,0,0,0,4,0,0,0,0,0,0,0,0,0,0,0,0,0,0,0,0,32,0,0,0,0,0,0,0,0,0,0,0,0,0,0,0,0,0,0,0,0,0,0,0,0,0,0,0,k__Bacteria; p__Firmicutes; c__Clostridia; o__Clostridiales; f__[Mogibacteriaceae]; g__; s__
4469492,2,0,154,38,0,0,291,0,187,102,1,280,0,0,93,185,0,7,0,453,227,1,186,0,1,0,1,2,0,1,0,80,12,0,0,91,3,18,0,0,361,1,0,92,6,1,0,372,145,0,0,184,2,0,79,24,0,413,40,87,0,225,0,10,174,0,0,308,17,72,5,0,32,179,10,2,1,74,8,252,14,0,6,k__Bacteria; p__Proteobacteria; c__Betaproteobacteria; o__Burkholderiales; f__Comamonadaceae; g__Delftia; s__
1708706,42,19,22,18,42,43,0,52,25,28,0,7,12,17,38,0,32,18,54,8,7,7,7,59,23,25,55,57,39,23,58,39,18,64,62,23,71,66,50,5,1,71,64,36,26,59,14,6,33,39,28,15,29,8,40,8,4,3,20,32,0,12,41,3,33,66,55,3,48,38,36,44,31,10,32,17,17,0,59,11,17,4,25,k__Bacteria; p__Proteobacteria; c__Betaproteobacteria; o__Burkholderiales; f__Comamonadaceae; g__Hydrogenophaga; s__
61836,8,2,37,1,2,0,32,11,56,16,4,22,7,0,17,19,0,0,49,47,16,1,42,0,7,0,0,14,2,1,0,38,3,0,4,18,1,33,1,0,55,2,0,15,3,0,0,35,16,1,0,26,8,1,12,0,3,30,4,39,0,22,22,1,27,0,0,25,5,17,3,0,1,15,3,2,3,4,2,27,2,0,5,k__Bacteria; p__Proteobacteria; c__Betaproteobacteria; o__Burkholderiales; f__Comamonadaceae; g__; s__
denovo38973,0,32,25,9,37,0,0,0,21,19,9,15,0,46,22,0,19,1,1,16,7,12,36,2,0,32,29,2,8,0,3,33,8,0,27,21,1,13,1,6,0,0,10,10,3,0,10,12,25,0,31,27,1,17,21,2,15,1,4,19,6,32,0,3,38,1,28,2,3,11,13,33,24,34,9,0,15,3,3,27,7,8,9,k__Bacteria; p__Proteobacteria; c__Betaproteobacteria; o__Burkholderiales; f__Comamonadaceae; g__Hydrogenophaga; s__
306546,28,7,12,2,2,6,3,2,5,5,0,5,12,4,3,0,5,6,3,0,5,2,6,0,30,1,2,0,4,24,4,1,2,0,4,10,0,3,0,0,0,10,0,2,1,10,8,13,0,0,6,8,31,5,11,3,7,2,25,7,0,6,10,2,0,0,0,3,3,1,0,1,2,1,0,14,9,10,0,3,0,0,2,k__Bacteria; p__Proteobacteria; c__Betaproteobacteria; o__Methylophilales; f__Methylophilaceae; g__; s__
147678,0,0,0,0,0,0,0,0,0,0,0,0,69,0,0,0,0,0,0,0,0,0,0,0,0,0,0,0,0,183,0,0,0,0,0,0,0,0,0,0,0,0,0,0,0,0,0,0,0,0,0,0,0,0,0,0,0,0,0,0,0,0,0,0,0,0,0,0,0,0,0,0,0,0,0,0,0,0,0,0,0,0,0,k__Bacteria; p__Firmicutes; c__Clostridia; o__Clostridiales; f__; g__; s__
denovo62583,0,0,0,0,0,0,0,0,0,0,0,0,290,0,0,0,0,0,0,0,0,0,0,0,0,0,0,1,0,64,127,0,0,0,42,4,0,0,0,4,0,0,0,0,0,0,0,0,0,0,0,0,0,0,0,26,0,0,0,0,0,1,0,0,0,0,0,0,0,0,0,0,0,0,0,0,0,0,0,0,0,0,0,k__Bacteria; p__Bacteroidetes; c__Bacteroidia; o__Bacteroidales; f__Rikenellaceae; g__AF12; s__
560243,0,0,0,0,0,0,0,0,0,0,10,49,0,0,0,0,0,0,0,0,0,1,2,0,0,0,0,0,0,0,0,0,0,0,0,8,0,0,0,34,10,0,0,0,0,2,0,0,0,0,0,5,0,0,0,0,3,0,0,0,3,76,0,0,0,1,0,0,0,0,0,1,24,0,0,0,0,3,0,0,0,8,35,k__Bacteria; p__Proteobacteria; c__Betaproteobacteria; o__Neisseriales; f__Neisseriaceae; g__; s__
denovo12172,0,0,0,0,0,0,0,0,0,0,0,0,72,0,0,0,0,0,0,0,0,0,0,0,0,0,0,0,0,143,68,0,0,0,5,0,0,0,4,0,0,0,0,0,0,0,0,0,0,0,0,0,0,0,0,0,0,0,0,0,0,0,0,0,0,0,0,0,0,0,0,0,0,0,0,0,0,0,0,0,0,0,0,k__Bacteria; p__Bacteroidetes; c__Bacteroidia; o__Bacteroidales; f__Rikenellaceae; g__PW3; s__
denovo30172,0,9,0,0,6,0,0,0,0,0,3,0,0,15,0,0,4,6,2,0,0,6,0,15,0,11,8,1,12,0,17,0,0,0,5,0,0,1,2,14,0,2,13,0,1,0,5,0,0,0,9,0,0,11,0,0,3,0,2,0,2,0,0,15,2,0,25,0,13,2,0,12,0,0,0,0,13,0,1,1,0,3,0,k__Bacteria; p__Actinobacteria; c__Actinobacteria; o__Actinomycetales; f__; g__; s__
806467,7,5,2,1,6,5,4,6,6,0,4,3,2,1,4,5,22,19,10,1,0,2,0,2,4,87,3,3,0,1,0,2,2,12,5,34,0,0,0,14,2,0,0,3,0,55,4,5,1,0,0,0,0,11,0,100,12,117,26,2,1,1,13,3,0,25,4,9,1,2,0,0,0,1,0,183,3,14,0,0,0,1,0,k__Bacteria; p__Proteobacteria; c__Deltaproteobacteria; o__Spirobacillales; f__; g__; s__
denovo16247,2338,52,573,338,174,1242,614,80,225,220,19,495,2777,109,500,0,832,1041,487,490,581,139,27,29,885,111,67,706,7,2680,56,20,63,65,113,1017,366,131,34,50,30,143,11,203,80,136,292,251,296,115,25,41,1130,71,145,1176,109,539,502,124,3,174,6994,118,44,191,229,301,170,366,58,24,45,221,74,1211,948,819,106,96,235,21,101,k__Bacteria; p__Proteobacteria; c__Betaproteobacteria; o__Burkholderiales; f__Comamonadaceae; g__Methylibium; s__
denovo14719,0,7,0,0,0,0,0,0,0,0,0,21,0,1,0,0,0,0,0,0,0,0,0,3,0,0,0,0,0,0,2,0,0,0,2,0,0,0,1,0,0,0,2,0,0,0,0,0,0,0,0,0,0,8,0,0,0,0,0,0,0,0,0,145,0,0,0,0,0,0,0,0,5,0,0,0,0,0,0,0,0,0,0,k__Bacteria; p__Proteobacteria; c__Betaproteobacteria; o__Burkholderiales; f__Comamonadaceae
denovo45023,0,0,0,0,0,0,0,0,0,0,0,0,197,0,1,0,0,0,0,0,0,0,0,0,0,0,0,0,0,146,26,0,0,0,16,0,9,0,1,0,0,0,0,0,0,0,0,0,0,0,0,0,0,0,0,0,0,0,0,0,0,0,0,0,0,0,0,0,0,0,0,0,0,0,0,0,0,0,0,0,0,0,0,k__Bacteria; p__Firmicutes; c__Clostridia; o__Clostridiales; f__Clostridiaceae; g__Clostridium; s__perfringens
221589,0,0,8,2,0,0,20,0,13,5,0,10,1,0,9,6,0,28,2,18,23,0,24,1,0,0,0,6,0,0,0,7,2,0,1,8,5,1,0,0,24,1,0,25,1,0,0,26,18,0,0,10,0,0,2,0,0,32,46,1,0,10,0,0,7,0,0,29,0,7,2,0,3,9,2,0,0,4,1,16,2,0,5,k__Bacteria; p__Proteobacteria; c__Alphaproteobacteria; o__Rhizobiales; f__Xanthobacteraceae; g__; s__
denovo42557,3,0,1,1,0,0,0,0,0,8,0,0,0,0,1,0,0,1,1,7,9,0,0,1,2,1,1,49,0,6,0,3,1,3,1,2,76,7,0,0,0,1,0,4,0,0,1,1,0,0,0,0,0,0,3,1,0,5,17,9,0,0,31,0,13,0,0,0,4,1,0,0,0,3,0,43,1,0,1,12,0,0,0,k__Bacteria; p__Bacteroidetes; c__[Saprospirae]; o__[Saprospirales]; f__Chitinophagaceae; g__; s__
4347599,4,0,10,0,14,48,0,2,15,0,7,11,2,0,13,0,30,25,2,7,0,7,10,0,0,23,2,16,0,0,0,4,0,4,3,0,12,0,0,18,18,0,0,30,0,11,35,0,18,0,7,16,0,0,8,721,4,0,61,0,10,9,1,0,16,17,12,0,7,9,0,2,1,13,0,328,11,0,6,34,0,4,9,k__Bacteria; p__Proteobacteria; c__Gammaproteobacteria; o__Vibrionales; f__Vibrionaceae; g__Vibrio; s__metschnikovii
2912622,19,0,0,0,0,2,0,9,12,9,0,0,11,0,3,35,1,0,16,0,19,0,0,1,33,0,4,16,0,10,0,6,2,0,10,20,13,10,0,0,0,3,0,0,2,0,1,6,0,6,0,0,23,4,8,0,12,17,6,17,4,0,93,1,0,0,3,1,1,3,0,0,0,3,0,0,0,18,0,0,2,0,0,k__Bacteria; p__Proteobacteria; c__Betaproteobacteria; o__Neisseriales; f__Neisseriaceae
160679,0,2,15,0,0,0,20,0,0,0,25,0,0,1,5,0,0,0,0,0,0,18,0,0,0,0,0,0,2,0,1,1,0,0,0,23,0,0,0,45,0,0,0,24,0,0,0,40,0,0,32,0,0,3,4,0,0,0,0,0,37,0,0,2,1,0,0,20,0,0,0,14,0,0,0,0,0,9,0,0,0,6,0,k__Bacteria; p__Actinobacteria; c__Rubrobacteria; o__Rubrobacterales; f__Rubrobacteraceae; g__Rubrobacter; s__
325027,0,0,2,1,2,17,1,0,0,0,1,2,3,0,0,0,8,2,1,2,0,4,3,0,0,1,0,6,0,0,0,1,2,1,1,0,1,1,0,5,8,0,0,4,1,5,15,0,3,0,2,2,0,0,3,189,0,0,14,0,4,3,0,0,3,2,4,0,2,3,4,1,2,2,0,40,5,1,2,3,0,1,2,k__Bacteria; p__Proteobacteria; c__Betaproteobacteria; o__Burkholderiales; f__Comamonadaceae; g__Comamonas; s__
denovo29889,0,28,38,9,45,0,9,0,55,58,7,29,0,51,76,2,30,2,2,31,17,13,54,10,0,39,67,0,26,0,11,125,13,0,54,30,2,35,0,16,6,0,11,68,7,2,8,22,75,0,38,62,0,12,51,0,17,5,7,53,1,26,0,2,64,0,54,17,8,58,5,46,40,68,13,0,20,4,9,43,19,19,19,k__Bacteria; p__Proteobacteria; c__Gammaproteobacteria; o__Pseudomonadales; f__Pseudomonadaceae; g__Pseudomonas; s__
814442,0,0,22,7,0,0,37,0,24,16,1,37,0,0,18,27,0,0,0,51,41,0,42,0,0,2,1,0,0,0,0,10,4,0,0,21,4,5,0,0,55,0,1,14,1,0,2,45,24,0,0,33,0,0,13,0,0,46,2,11,0,37,0,0,38,0,0,29,0,24,0,0,4,24,3,0,1,5,0,40,6,0,2,k__Bacteria; p__Proteobacteria; c__Gammaproteobacteria; o__Enterobacteriales; f__Enterobacteriaceae; g__Citrobacter; s__
denovo50101,1,9,0,0,2,0,0,30,4,10,1,0,0,2,0,0,0,0,167,26,7,1,0,0,0,0,0,261,24,2,4,1,0,2,14,1,339,3,303,0,0,1,22,9,0,5,8,0,15,27,1,0,0,2,2,0,3,0,1,93,0,0,1,1,2,21,45,0,71,33,8,44,2,8,0,8,1,0,578,21,8,2,2,k__Bacteria; p__GN02; c__BD1-5; o__; f__; g__; s__
denovo16474,0,2,56,24,0,0,34,0,29,53,3,25,0,6,42,42,1,0,2,42,29,2,50,8,0,0,0,3,5,0,2,57,113,0,0,63,1,25,0,0,48,2,4,33,73,0,1,30,58,0,8,44,0,3,50,0,1,16,4,41,1,31,0,3,33,0,0,21,2,39,37,9,33,33,54,1,0,24,8,38,81,3,90,k__Bacteria; p__Actinobacteria; c__Actinobacteria; o__Actinomycetales; f__Cellulomonadaceae; g__Cellulomonas; s__
635524,0,1,0,0,4,0,0,0,1,1,12,3,0,6,1,0,5,0,1,2,0,17,3,1,0,5,0,2,0,0,0,1,0,1,5,0,5,0,1,9,1,0,0,2,0,3,13,1,5,0,8,2,0,9,1,174,6,0,18,0,29,2,0,9,5,1,11,1,1,0,0,2,0,0,0,61,10,0,1,8,0,9,3,k__Bacteria; p__Proteobacteria; c__Gammaproteobacteria; o__Xanthomonadales; f__Xanthomonadaceae; g__Stenotrophomonas; s__
denovo38171,299,225,75,70,27,19,2,68,72,46,3,40,123,107,43,1,64,17,81,5,10,13,64,58,294,10,67,66,122,321,42,18,10,10,64,77,29,57,23,6,0,228,32,24,16,71,20,24,18,27,46,61,329,66,136,3,37,2,68,213,0,82,85,1,23,13,5,3,42,29,30,42,151,31,11,9,56,25,20,24,6,2,55,k__Bacteria; p__Proteobacteria; c__Betaproteobacteria; o__Burkholderiales; f__Comamonadaceae; g__Hydrogenophaga; s__
4370747,0,1,32,4,0,0,46,0,32,7,1,45,0,0,14,21,0,1,0,27,15,0,43,0,0,0,0,0,0,0,0,9,3,0,0,46,0,3,0,0,39,0,0,11,0,0,0,46,13,0,0,28,0,0,17,0,0,28,0,22,0,31,0,0,10,0,0,22,0,7,1,0,5,20,0,0,0,28,2,26,1,0,10,k__Bacteria; p__Proteobacteria; c__Gammaproteobacteria; o__Pseudomonadales; f__Pseudomonadaceae; g__Pseudomonas; s__viridiflava
512114,0,0,0,0,0,0,0,0,0,0,0,0,759,0,0,0,0,0,0,0,0,0,0,0,0,0,0,0,0,0,0,0,0,0,1,0,0,0,0,0,0,0,0,0,0,0,0,0,0,0,0,0,0,0,0,0,0,0,0,0,0,0,0,0,0,0,0,0,0,0,0,0,0,0,0,0,0,0,0,0,0,0,0,k__Bacteria; p__Firmicutes; c__Clostridia; o__Clostridiales; f__Ruminococcaceae; g__; s__
denovo31946,0,0,2,1,0,0,26,0,6,5,0,14,0,1,5,21,0,0,0,24,11,0,12,1,0,0,0,0,0,0,0,2,3,0,0,6,0,0,0,1,27,0,0,4,0,0,0,14,7,0,0,6,0,0,5,0,0,21,0,1,0,6,0,0,10,0,0,11,0,2,0,0,0,9,0,0,1,3,1,24,1,0,0,k__Bacteria; p__Proteobacteria; c__Gammaproteobacteria; o__Pseudomonadales; f__Pseudomonadaceae; g__Pseudomonas; s__viridiflava
4364813,0,0,16,15,0,2,23,0,6,10,0,12,0,0,8,30,2,0,0,31,13,1,29,0,0,2,0,1,0,0,0,6,4,0,0,15,0,1,0,0,42,0,0,5,3,0,3,28,12,0,0,5,0,0,1,39,0,11,5,3,2,14,0,0,12,1,0,31,0,9,1,0,2,17,1,0,1,5,0,25,3,0,2,k__Bacteria; p__Proteobacteria; c__Gammaproteobacteria; o__Pseudomonadales; f__Pseudomonadaceae; g__Pseudomonas; s__
4386920,1,0,1,0,3,0,2,0,1,1,8,3,0,6,6,0,1,12,0,1,3,7,2,1,0,1,1,5,0,0,0,0,0,0,0,0,0,2,0,4,8,0,0,7,0,3,6,0,4,0,7,2,1,7,1,127,3,1,12,1,11,0,0,6,4,0,2,0,5,1,0,2,0,3,0,77,3,0,2,6,0,17,1,k__Bacteria; p__Proteobacteria; c__Gammaproteobacteria; o__Pseudomonadales; f__Pseudomonadaceae; g__Pseudomonas; s__
4449609,0,1,0,0,1,0,0,0,4,0,1,4,0,0,50,0,4,7,1,0,0,2,4,0,0,0,1,2,0,0,0,0,0,0,0,1,0,1,0,0,5,0,0,1,0,0,3,1,37,0,0,2,0,1,2,696,5,1,8,0,2,2,0,0,4,1,2,0,0,0,0,2,0,1,0,0,2,1,0,0,0,1,4,k__Bacteria; p__Proteobacteria; c__Alphaproteobacteria; o__Sphingomonadales; f__Sphingomonadaceae; g__Sphingomonas; s__
654212,9510,5527,2987,1446,652,3411,855,1214,3000,1877,155,1900,4733,2159,844,6,2501,3782,969,440,1208,885,2019,496,13029,621,1163,730,1163,5569,466,165,266,206,870,3628,586,1060,125,287,21,4241,343,726,103,2037,2742,3510,330,116,1699,2290,12370,3088,3301,1743,1777,1093,8013,5619,46,4706,2813,571,242,131,338,619,739,604,306,556,2074,840,145,4806,3386,3698,283,883,86,90,1108,k__Bacteria; p__Proteobacteria; c__Betaproteobacteria; o__Methylophilales; f__Methylophilaceae
denovo67954,4,1,5,0,4,3,0,3,0,2,2,4,1,2,2,0,7,2,4,3,0,1,0,7,2,2,4,2,7,6,6,5,0,1,9,2,12,9,5,0,0,1,3,5,0,9,4,1,2,0,1,3,3,3,6,2,2,0,4,2,1,0,6,0,3,5,5,0,2,3,1,8,3,4,1,7,1,1,7,1,0,2,0,k__Bacteria; p__Proteobacteria; c__Betaproteobacteria; o__Burkholderiales; f__Comamonadaceae; g__Hydrogenophaga; s__
4468125,1,591,13,13,385,1,74,1,19,19,1198,7,3,597,14,49,1132,2840,36,21,24,1464,8,237,0,1089,145,48,168,2,228,14,15,0,180,27,10,7,28,3984,53,115,249,15,4,2,2356,41,27,0,616,27,1,1319,9,18,911,37,368,11,1409,10,2,1834,33,0,1252,45,456,15,2,253,5,17,3,2,1342,22,160,28,6,873,10,k__Bacteria; p__Actinobacteria; c__Actinobacteria; o__Actinomycetales; f__Nocardiaceae; g__Rhodococcus; s__
412392,158,20,62,72,45,77,0,41,18,43,5,37,130,56,124,1,114,29,217,27,17,13,4,17,62,13,13,221,8,329,35,8,19,31,47,74,121,59,36,5,0,20,13,61,27,60,16,6,41,45,4,12,67,7,38,3,11,4,22,34,1,18,209,3,7,91,48,8,59,66,19,18,15,38,44,15,106,30,29,17,52,0,39,k__Bacteria; p__Proteobacteria; c__Betaproteobacteria; o__Burkholderiales; f__Comamonadaceae; g__; s__
denovo53733,0,0,0,0,0,0,0,0,0,0,0,0,263,0,0,0,0,0,0,0,0,0,0,0,0,0,0,0,0,2,111,0,0,0,39,4,0,0,47,14,0,0,0,0,0,0,0,0,0,0,0,0,0,0,0,19,0,0,0,0,0,0,0,0,0,0,0,0,0,0,0,0,0,0,0,0,0,0,0,0,0,0,0,k__Bacteria; p__Bacteroidetes; c__Bacteroidia; o__Bacteroidales; f__Rikenellaceae; g__PW3; s__
4369970,6,29,7,1,37,80,2,45,9,14,65,368,3,5,5,36,117,97,94,0,10,4,59,12,3,8,125,51,13,1,9,9,3,47,102,291,5,3,4,28,335,2,6,2,1,40,27,39,0,1,3,47,2,78,4,57,219,26,13,4,62,429,43,61,3,12,48,20,5,1,1,7,75,4,2,145,37,28,2,3,1,12,72,k__Bacteria; p__Proteobacteria; c__Betaproteobacteria; o__Burkholderiales; f__Oxalobacteraceae; g__; s__
668514,1,0,11,2,1,0,23,0,15,16,0,16,0,0,11,24,0,2,0,31,23,0,22,0,0,1,0,0,1,0,0,19,14,0,0,13,1,5,0,0,20,0,0,6,1,0,0,28,13,0,0,24,0,0,10,2,0,13,0,17,0,18,0,0,16,0,1,15,3,16,3,0,6,15,1,12,0,13,3,19,13,3,1,k__Bacteria; p__Proteobacteria; c__Gammaproteobacteria; o__Enterobacteriales; f__Enterobacteriaceae; g__; s__
denovo73199,0,0,0,0,0,0,0,0,0,0,0,0,1050,1,0,0,0,0,0,0,0,0,0,0,0,0,0,0,0,227,26,0,0,0,0,0,0,0,56,0,0,0,0,0,0,0,0,0,0,0,0,0,0,0,0,0,0,0,0,0,0,0,0,0,0,0,0,0,0,0,0,0,0,0,0,0,0,0,0,0,0,0,0,k__Bacteria; p__Bacteroidetes; c__Bacteroidia; o__Bacteroidales; f__; g__; s__
3330580,0,7,11,7,5,0,45,0,16,15,37,29,0,14,15,31,3,0,0,36,25,23,16,1,0,2,2,0,2,0,1,10,5,0,1,19,0,4,1,35,40,0,1,7,2,0,17,46,21,0,16,30,0,18,4,0,9,48,0,12,33,16,0,19,16,0,4,29,0,10,0,8,3,25,2,2,8,13,0,28,4,20,2,k__Bacteria; p__Proteobacteria; c__Gammaproteobacteria; o__Xanthomonadales; f__Xanthomonadaceae; g__; s__
4311486,2,55,1,0,0,1,0,3,5,0,0,1,4,20,0,0,1,1,4,0,0,1,1,34,0,1,20,1,0,3,29,0,1,0,15,26,1,3,0,0,0,1,21,2,1,0,2,8,0,1,0,0,0,75,2,0,15,0,0,3,0,3,2,109,0,0,1,0,0,0,1,0,0,0,1,4,3,40,2,1,0,1,3,k__Bacteria; p__Proteobacteria; c__Betaproteobacteria; o__Burkholderiales; f__Comamonadaceae; g__; s__
denovo25227,0,78,63,67,50,0,1,0,67,84,21,51,0,100,95,1,30,21,10,36,47,34,122,41,1,26,18,2,41,0,13,136,61,1,18,70,12,41,8,41,7,11,43,63,49,1,12,31,89,0,69,79,0,41,92,0,11,4,18,78,3,64,0,7,90,1,31,15,69,85,45,89,68,112,73,0,33,17,53,85,97,30,33,k__Bacteria; p__Proteobacteria; c__Betaproteobacteria; o__Burkholderiales; f__Comamonadaceae; g__; s__
1932541,2,5,1,0,8,0,0,1,3,0,27,21,2,0,0,1,6,1,12,0,4,2,1,2,0,0,2,7,3,0,3,1,2,3,2,16,3,0,0,1,25,0,1,2,0,5,1,5,2,1,1,2,1,22,1,6,7,1,2,2,7,22,8,60,0,0,5,1,2,0,0,3,4,0,0,12,1,3,0,0,0,0,11,k__Bacteria; p__Proteobacteria; c__Betaproteobacteria; o__Burkholderiales; f__Comamonadaceae; g__; s__
denovo52193,0,3,4,2,3,0,12,0,9,6,10,5,0,4,7,25,0,1,0,14,5,5,21,1,0,0,0,1,3,0,1,1,10,0,2,3,1,1,0,5,18,0,4,3,1,0,0,12,2,0,3,8,0,2,4,0,1,9,1,4,3,10,0,4,5,0,0,6,2,3,2,4,0,5,3,0,0,8,2,5,4,0,3,k__Bacteria; p__Actinobacteria; c__Actinobacteria; o__Actinomycetales; f__Cellulomonadaceae; g__Cellulomonas; s__
denovo9916,417,255,71,140,38,39,8,118,104,87,2,27,151,170,51,0,98,17,92,6,9,9,81,117,346,22,134,46,183,382,78,13,41,37,87,85,59,105,28,2,2,323,53,29,26,138,24,31,28,46,80,67,395,85,149,3,40,5,67,279,0,82,91,20,12,18,16,16,86,39,69,76,225,36,30,18,77,69,28,28,26,4,207,k__Bacteria; p__Proteobacteria; c__Betaproteobacteria; o__Methylophilales; f__Methylophilaceae
1123414,0,136,5,0,152,0,0,0,0,0,561,0,0,202,3,0,190,1,0,0,0,442,0,10,4,983,104,1,26,0,10,2,0,1,65,0,0,0,0,444,2,0,23,0,0,0,499,0,3,0,269,0,0,316,1,1,466,0,0,1,609,0,0,252,2,0,239,0,0,0,0,82,0,0,0,1,152,1,0,0,1,426,0,k__Bacteria; p__Proteobacteria; c__Gammaproteobacteria; o__Enterobacteriales; f__Enterobacteriaceae; g__Erwinia; s__
647775,23,7,13,164,19,31,0,17,14,56,1,6,10,10,19,1,18,13,35,6,8,3,13,96,21,41,82,30,90,18,26,22,261,33,39,20,38,43,101,5,0,38,34,33,312,40,3,8,16,351,15,33,22,5,21,8,7,0,12,23,1,23,27,2,18,36,30,3,37,26,308,23,69,23,291,64,25,15,79,18,253,11,269,k__Bacteria; p__Proteobacteria; c__Betaproteobacteria; o__Burkholderiales; f__Comamonadaceae; g__; s__
4388545,12,14,2,0,18,7,0,6,18,2,112,106,4,2,0,11,23,0,16,1,7,6,3,6,6,1,7,16,8,0,5,1,0,7,3,59,10,4,2,9,77,0,3,1,0,11,3,12,1,0,3,16,0,53,4,822,26,16,1,9,35,129,27,56,0,1,15,5,1,0,0,4,9,2,1,281,8,10,2,2,0,5,23,k__Bacteria; p__Proteobacteria; c__Betaproteobacteria; o__Burkholderiales; f__Comamonadaceae; g__; s__
676117,0,0,6,0,0,0,4,0,1,0,225,0,0,2,1,0,0,0,0,0,0,136,0,0,2,0,0,0,16,0,0,0,0,0,0,11,0,0,0,322,0,1,0,19,0,0,0,7,0,0,98,0,3,2,1,0,0,0,0,0,246,0,0,7,0,0,0,15,0,0,0,28,0,0,0,0,0,1,0,0,0,28,0,k__Bacteria; p__Firmicutes; c__Bacilli; o__Bacillales; f__; g__; s__
denovo55920,4,17,19,7,1,2,12,0,13,14,3,17,34,18,8,0,7,4,2,4,11,11,28,0,6,2,0,1,3,27,1,1,3,0,2,30,1,4,0,6,0,4,0,0,1,5,8,30,2,0,12,14,4,37,14,1,9,13,9,15,2,27,3,3,3,1,1,5,1,6,1,1,4,5,0,3,19,18,0,9,0,0,3,k__Bacteria; p__Proteobacteria; c__Betaproteobacteria; o__Methylophilales; f__Methylophilaceae; g__; s__
219151,0,0,6,1,3,16,53,0,2,34,3,19,0,0,8,6,3,58,0,40,17,2,12,0,0,0,0,1,0,0,0,5,3,0,0,27,0,12,1,0,3,0,0,18,2,0,2,11,45,0,0,5,0,0,2,0,0,11,0,20,0,4,0,2,2,6,1,16,0,25,0,0,0,6,10,0,0,17,0,7,4,0,1,k__Bacteria; p__Proteobacteria; c__Gammaproteobacteria; o__Pseudomonadales; f__Moraxellaceae; g__Acinetobacter; s__
2881877,24,98,955,273,340,3134,1025,151,95,328,37,802,32,175,973,3,1515,2008,1154,849,951,221,97,45,59,134,108,1585,21,6,110,50,70,107,207,1424,679,257,79,96,57,2,50,340,47,226,469,201,495,66,30,57,13,108,243,2075,157,865,704,177,5,231,66,15,57,435,415,477,263,407,29,53,69,381,75,1861,1495,667,148,123,169,48,60,k__Bacteria; p__Proteobacteria; c__Betaproteobacteria; o__Burkholderiales; f__Comamonadaceae
1141330,0,0,0,0,1,0,1,0,0,6,1,0,1680,0,0,2,0,0,0,0,0,0,1,0,1,0,0,1,0,128,5,0,0,0,9,69,0,0,6,0,0,0,0,4,0,0,0,0,3,1,1,0,0,0,0,0,0,0,0,2,0,2,10,0,1,0,0,8,1,0,0,0,1,0,0,0,0,35,1,0,0,0,0,k__Bacteria; p__Fusobacteria; c__Fusobacteriia; o__Fusobacteriales; f__Fusobacteriaceae; g__u114; s__
3979725,0,130,1,0,19,0,0,0,1,4,292,2,1,194,1,6,8,38,1,3,5,258,3,29,0,5,3,6,43,0,4,4,2,0,4,1,12,1,1,172,1,5,24,1,2,1,15,2,2,0,105,0,0,144,2,0,27,10,91,1,235,4,1,212,4,0,5,9,50,2,0,103,2,1,0,0,18,1,62,4,2,147,0,k__Bacteria; p__Actinobacteria; c__Actinobacteria; o__Actinomycetales
denovo23720,0,0,0,0,0,0,0,0,0,0,0,0,134,0,0,0,0,0,0,0,0,0,0,0,0,0,0,0,0,85,26,0,0,0,12,3,0,0,11,0,0,0,0,0,0,0,0,0,0,0,0,0,0,0,0,0,0,0,0,0,0,0,0,0,0,0,0,0,0,0,0,0,0,0,0,0,0,0,0,0,0,0,0,k__Bacteria; p__Bacteroidetes; c__Bacteroidia; o__Bacteroidales; f__Porphyromonadaceae; g__; s__
268968,0,0,54,20,0,0,140,0,70,32,0,81,0,1,39,109,0,0,0,130,94,1,79,0,0,0,1,0,1,0,0,33,9,0,4,33,0,10,0,0,159,0,0,34,3,0,0,142,68,1,3,82,0,0,34,2,1,149,0,22,2,70,0,0,59,0,0,92,0,23,5,0,14,46,4,4,0,37,0,119,18,3,10,k__Bacteria; p__Proteobacteria; c__Betaproteobacteria; o__Burkholderiales; f__Alcaligenaceae; g__Achromobacter; s__
4451011,5,5,2332,882,5,1,3065,2,1885,1783,7,3472,3,0,1789,3062,3,8,1,4403,2458,3,2480,1,1,5,15,1,1,6,1,1668,502,4,9,1603,4,416,2,2,4586,1,5,1461,275,1,4,4017,1847,3,2,2597,3,1,1055,1,12,4169,5,1342,7,2717,3,3,2352,3,6,4420,2,1260,179,4,467,2536,251,7,8,1214,16,2990,557,3,378,k__Bacteria; p__Proteobacteria; c__Gammaproteobacteria; o__Pseudomonadales; f__Pseudomonadaceae; g__Pseudomonas; s__
1119668,0,9,20,4,1,0,67,0,22,13,73,32,0,27,18,16,0,120,13,41,42,55,43,7,0,0,0,25,1,1,2,7,4,0,0,28,32,9,1,53,83,7,3,25,6,0,0,85,42,0,48,23,0,62,20,0,0,56,224,7,59,24,0,28,35,0,0,44,40,13,2,9,6,29,2,1,0,11,8,43,5,17,4,k__Bacteria; p__Proteobacteria; c__Alphaproteobacteria; o__Rhizobiales; f__Hyphomicrobiaceae; g__Devosia; s__
4454257,0,16,37,8,47,0,58,0,41,26,68,48,1,16,35,40,103,0,0,125,51,60,74,2,0,216,45,0,0,0,3,26,6,0,27,37,0,11,0,37,110,0,1,20,1,0,209,104,19,0,31,56,0,49,18,0,161,97,0,25,55,60,2,20,44,0,86,69,0,21,5,13,12,47,2,1,59,24,0,53,15,46,9,k__Bacteria; p__Proteobacteria; c__Gammaproteobacteria; o__Enterobacteriales; f__Enterobacteriaceae; g__; s__
denovo76781,58,62,42,26,19,8,40,15,49,46,7,42,44,34,8,0,29,17,2,9,25,20,49,12,57,19,27,6,19,43,5,6,10,1,13,72,8,15,2,11,1,45,3,9,8,21,36,78,3,8,24,44,54,49,42,4,47,29,33,58,2,73,13,5,4,1,0,10,5,6,12,12,33,8,6,13,49,73,10,17,6,0,47,k__Bacteria; p__Proteobacteria; c__Betaproteobacteria; o__Methylophilales; f__Methylophilaceae; g__Methylotenera; s__mobilis
4395995,0,0,11,10,0,0,2,0,8,12,7,8,0,2,5,0,0,3,0,5,7,3,17,2,0,0,1,0,1,0,1,9,3,0,0,4,0,7,0,5,2,1,0,6,2,0,0,6,5,0,4,15,0,2,7,0,0,0,0,2,5,16,0,0,19,1,0,8,4,7,1,1,4,19,1,0,0,2,0,12,2,3,3,k__Bacteria; p__Proteobacteria; c__Betaproteobacteria; o__Burkholderiales; f__Comamonadaceae; g__; s__
denovo81419,0,8,1,0,10,0,8,0,1,0,41,1,0,23,2,4,1,0,0,4,2,19,3,3,0,3,2,0,0,0,1,0,0,0,1,6,0,0,0,28,5,0,1,1,0,0,14,2,1,0,20,4,1,33,1,0,7,3,0,0,59,4,0,22,3,0,0,2,1,1,1,9,0,1,0,0,8,0,0,6,0,6,0,k__Bacteria; p__Proteobacteria; c__Gammaproteobacteria; o__Xanthomonadales; f__Xanthomonadaceae; g__; s__
4457829,1,37,6,3,0,9,3,16,6,15,5,51,1,13,17,1,3,0,18,8,89,22,15,22,1,1,1,301,11,1,17,4,0,0,0,4,6,2,3,17,77,1,22,44,1,0,0,45,116,2,3,16,0,6,29,0,6,130,10,7,2,7,6,7,38,0,1,6,9,5,11,3,16,8,2,12,2,1,4,0,1,4,2,k__Bacteria; p__Proteobacteria; c__Betaproteobacteria; o__Burkholderiales; f__Oxalobacteraceae; g__Polynucleobacter; s__
denovo70073,12,2,5,20,1,5,1,0,5,0,1,3,3,2,0,0,4,5,0,1,2,0,1,0,16,3,2,0,0,7,1,1,2,1,1,5,2,3,1,1,0,6,0,2,1,3,3,4,2,2,8,5,15,5,7,2,3,0,14,8,0,5,7,1,0,3,0,0,0,1,5,1,1,1,2,10,0,44,2,1,4,0,11,k__Bacteria; p__Proteobacteria; c__Betaproteobacteria; o__Methylophilales; f__Methylophilaceae
denovo38936,0,59,0,3,27,1,0,0,0,0,113,1,0,87,1,2,46,45,1,1,0,113,0,21,0,20,7,1,15,0,8,0,0,0,5,0,0,0,0,143,1,2,20,0,1,0,45,0,1,0,47,0,0,100,0,0,60,0,7,1,112,0,0,129,2,0,33,0,19,0,0,35,0,1,0,0,55,0,6,0,0,60,0,k__Bacteria; p__Actinobacteria; c__Actinobacteria; o__Actinomycetales
denovo20358,0,1,14,17,0,0,3,0,13,13,0,15,0,0,17,7,0,0,0,5,5,0,13,0,0,0,0,0,0,0,0,22,11,0,0,20,0,12,0,0,7,1,0,19,9,0,0,12,16,0,0,16,0,0,14,0,0,3,0,21,0,7,0,0,15,0,0,4,2,18,7,0,4,17,12,0,0,7,0,17,14,0,11,k__Bacteria; p__Proteobacteria; c__Gammaproteobacteria; o__Pseudomonadales; f__Pseudomonadaceae; g__Pseudomonas; s__viridiflava
denovo9091,0,0,0,0,0,0,0,0,0,0,0,0,51,0,0,1,0,0,0,0,0,0,0,0,0,0,0,0,0,117,29,0,0,0,24,0,0,0,14,3,0,0,0,0,0,0,0,0,0,0,0,0,0,0,0,18,0,0,0,0,0,0,0,0,1,0,0,0,0,0,0,0,0,0,0,0,0,0,0,0,0,0,0,k__Bacteria; p__Bacteroidetes; c__Bacteroidia; o__Bacteroidales; f__Rikenellaceae; g__; s__
denovo37527,63,6,16,7,1,8,11,1,3,3,0,14,64,8,6,0,20,12,10,7,4,1,0,0,29,0,0,18,0,74,1,0,1,0,2,42,2,7,0,0,1,1,1,3,0,4,6,4,1,0,0,0,40,3,8,2,1,2,13,5,0,10,47,1,1,1,1,6,0,2,2,0,1,6,0,3,35,38,0,4,0,0,1,k__Bacteria; p__Proteobacteria; c__Betaproteobacteria; o__Burkholderiales; f__Comamonadaceae; g__; s__
4388385,0,18,4,0,5,0,9,0,1,0,46,2,0,14,1,10,1,0,1,6,4,49,3,3,0,3,0,3,0,0,0,4,0,0,0,6,9,0,0,43,11,0,1,3,0,0,1,8,3,0,28,2,0,29,5,0,2,3,44,0,43,4,1,28,3,0,2,4,1,1,0,13,3,3,0,0,3,1,0,1,1,27,0,k__Bacteria; p__Proteobacteria; c__Alphaproteobacteria; o__Rhizobiales; f__Brucellaceae; g__Ochrobactrum; s__
denovo20555,0,2,7,9,2,0,2,0,13,7,0,7,0,2,3,17,1,0,0,9,5,0,22,0,0,1,2,0,3,0,0,13,6,0,1,4,0,7,0,1,3,1,1,4,6,0,1,3,5,0,2,12,0,5,10,0,1,0,1,8,1,9,0,8,8,0,4,5,0,8,5,1,7,5,5,0,3,5,0,19,13,0,12,k__Bacteria; p__Proteobacteria; c__Betaproteobacteria; o__Burkholderiales; f__Comamonadaceae; g__Hylemonella; s__
denovo5183,0,15,18,18,7,0,0,0,9,24,8,11,1,21,20,0,4,7,0,8,23,13,22,4,0,15,2,1,4,1,1,24,21,0,1,17,1,6,1,10,1,1,8,16,17,1,3,11,22,0,19,15,0,10,20,0,3,2,2,7,2,14,0,1,26,0,4,3,7,17,6,24,13,14,9,0,2,7,13,19,20,6,11,k__Bacteria; p__Proteobacteria; c__Betaproteobacteria; o__Burkholderiales; f__Comamonadaceae; g__; s__
denovo9801,0,0,0,0,0,0,0,0,0,0,0,0,710,0,0,0,0,0,0,0,0,0,0,0,0,0,0,0,0,56,103,0,0,0,20,1,0,0,9,0,0,0,0,0,0,0,0,0,0,0,0,0,0,0,0,78,0,0,0,0,0,0,1,0,0,0,0,0,0,0,0,0,0,0,0,0,0,0,0,0,0,0,0,k__Bacteria; p__Firmicutes; c__Clostridia; o__Clostridiales; f__Ruminococcaceae; g__; s__
1114798,9,8,3,1,4,2,0,4,2,0,0,0,1,5,1,0,7,1,2,0,1,1,2,3,8,0,4,3,3,8,6,4,3,5,7,2,5,7,2,1,0,11,7,3,4,5,0,1,2,8,5,2,4,0,5,27,3,0,2,9,0,1,6,0,3,0,2,0,8,3,8,8,3,0,3,0,1,1,3,1,4,0,7,k__Bacteria; p__Proteobacteria; c__Betaproteobacteria; o__Burkholderiales; f__Comamonadaceae; g__Hydrogenophaga; s__
denovo12055,0,18,3,0,18,0,5,0,1,1,79,6,0,45,0,4,6,2,0,4,4,99,10,1,0,30,6,0,2,0,1,0,1,0,3,4,0,0,0,93,15,0,1,1,0,0,16,10,5,0,38,6,0,50,1,0,27,10,2,1,86,1,0,40,5,0,8,9,0,1,0,7,0,5,0,0,9,0,0,3,0,21,0,k__Bacteria; p__Proteobacteria; c__Gammaproteobacteria; o__Pseudomonadales; f__Pseudomonadaceae
denovo75330,1,6,1,0,13,0,1,0,0,1,51,4,0,17,2,1,3,0,0,4,0,43,12,2,0,5,2,0,0,0,0,0,0,0,4,2,0,0,0,18,4,0,1,2,0,0,21,1,1,0,17,1,0,21,0,0,25,3,0,0,41,3,0,18,1,0,7,3,0,0,0,5,1,3,0,0,15,0,0,1,0,15,0,k__Bacteria; p__Proteobacteria; c__Gammaproteobacteria; o__Pseudomonadales; f__Pseudomonadaceae
4451302,48,36,17,34,5,13,0,10,12,25,0,9,22,7,12,1,13,1,12,4,4,0,8,28,52,6,21,24,32,20,21,8,16,10,12,23,8,22,15,0,1,32,12,10,15,16,3,13,7,20,5,18,60,10,13,2,5,0,23,36,0,16,36,1,9,13,8,2,8,10,31,12,44,13,23,16,11,16,20,10,22,4,44,k__Bacteria; p__Proteobacteria; c__Betaproteobacteria; o__Burkholderiales; f__Comamonadaceae; g__Hydrogenophaga; s__
denovo80856,0,49,82,184,28,0,14,0,89,106,2,60,0,89,137,14,22,7,10,36,36,12,131,42,0,12,22,13,56,0,19,159,277,1,16,93,26,95,11,8,16,20,47,80,262,0,5,17,104,1,44,75,0,24,105,0,11,7,12,125,2,52,1,15,102,0,23,28,60,134,151,84,144,113,250,0,16,48,54,59,261,21,247,k__Bacteria; p__Actinobacteria; c__Actinobacteria; o__Actinomycetales; f__Cellulomonadaceae; g__Cellulomonas; s__
140359,13721,10526,7819,13011,13513,19289,39,26236,10370,12953,991,2449,5024,9866,11744,63,11434,6079,23659,2253,3874,1787,4417,24753,12013,11788,20722,20611,23113,12265,24394,16925,19501,27864,22286,5953,23736,23150,26952,2999,204,21896,25205,14379,22263,24977,2840,2448,12256,26164,9573,7600,12441,4182,13525,2775,2691,417,6683,11479,327,4520,13968,464,9950,27233,17899,556,21504,17555,22140,20297,20544,7879,22233,12551,6601,1086,23021,4638,18709,5005,20283,k__Bacteria; p__Proteobacteria; c__Betaproteobacteria; o__Burkholderiales; f__Comamonadaceae; g__; s__
2119418,0,0,52,8,0,6,127,0,74,33,5,88,0,2,48,55,1,19,0,165,110,0,110,0,0,3,1,3,1,2,0,49,12,0,0,48,1,10,0,0,141,0,0,28,2,2,2,133,64,0,0,76,0,2,31,27,5,152,6,63,0,86,2,0,66,0,0,94,2,41,2,0,12,69,4,24,0,20,3,101,13,2,2,k__Bacteria; p__Proteobacteria; c__Gammaproteobacteria; o__Enterobacteriales; f__Enterobacteriaceae; g__; s__
4419276,4,1963,2,0,4664,0,4,1,1,2,6722,2,3,3569,5,5,3876,179,2,3,3,5352,6,186,2,5310,2601,6,439,0,120,0,0,3,1535,7,7,1,3,5025,9,7,272,3,1,1,7520,10,4,1,4082,4,2,3939,5,1,10560,4,47,3,6523,4,4,3120,5,3,2715,4,20,2,1,1366,1,3,0,4,4574,0,21,4,2,7427,0,k__Bacteria; p__Proteobacteria; c__Gammaproteobacteria; o__Pseudomonadales; f__Pseudomonadaceae; g__Pseudomonas; s__
4428924,49,21,17,6,3,22,3,7,18,7,2,9,21,7,7,0,16,29,5,2,9,11,8,3,61,4,6,6,7,30,2,2,0,3,6,16,5,7,1,3,0,29,0,4,0,7,12,21,2,1,8,8,50,19,28,6,20,4,54,38,1,27,19,6,3,1,4,2,6,5,3,7,13,0,0,20,10,16,0,5,0,2,2,k__Bacteria; p__Proteobacteria; c__Betaproteobacteria; o__Methylophilales; f__Methylophilaceae; g__; s__
119663,0,0,0,0,3,4,0,0,0,0,0,0,0,0,0,0,5,4,1,0,0,0,0,0,0,2,1,0,0,0,0,0,0,1,2,0,0,0,0,0,0,0,0,0,0,2,31,0,0,0,0,0,0,0,0,216,10,3,0,0,0,0,0,0,10,5,0,0,0,0,0,0,0,4,0,93,7,0,0,0,0,0,0,k__Bacteria; p__Proteobacteria; c__Betaproteobacteria; o__Burkholderiales; f__Alcaligenaceae
denovo26765,17,1,6,4,0,2,4,2,1,3,0,12,39,1,6,0,4,0,4,1,2,0,4,3,6,0,3,6,2,11,0,0,1,0,3,15,2,3,0,0,0,4,0,0,0,1,3,9,1,2,0,2,17,5,7,2,6,4,8,32,0,30,16,1,3,0,0,3,0,0,1,0,7,3,0,6,4,17,0,0,1,0,19,k__Bacteria; p__Proteobacteria; c__Betaproteobacteria; o__Methylophilales; f__Methylophilaceae
4350881,0,9,109,170,15,0,152,0,53,78,41,176,0,20,109,312,5,15,0,139,90,38,179,5,0,13,4,0,10,1,3,111,50,0,2,90,4,19,0,26,184,3,3,45,72,0,3,108,69,1,20,117,0,25,70,0,24,123,16,77,41,111,0,27,121,0,2,178,12,70,51,12,31,156,98,0,8,236,19,131,104,22,54,k__Bacteria; p__Actinobacteria; c__Actinobacteria; o__Actinomycetales; f__Cellulomonadaceae
125270,0,0,0,0,0,0,0,0,1,0,0,0,184,0,0,0,0,0,0,0,0,0,0,0,0,0,0,0,0,30,34,0,0,0,16,2,1,0,9,3,0,0,0,0,0,0,0,0,0,0,0,0,0,1,0,11,0,0,0,0,0,0,0,0,0,2,0,0,0,0,0,0,0,0,0,0,0,0,0,0,0,0,0,k__Bacteria; p__Bacteroidetes; c__Bacteroidia; o__Bacteroidales; f__Bacteroidaceae; g__Bacteroides; s__
denovo24900,0,0,2,0,0,0,2,1,2,0,0,0,0,0,6,55,3,16,0,2,96,0,1,1,22,27,8,26,0,0,0,1,0,0,1,0,0,0,0,0,0,0,0,0,0,2,0,0,6,0,0,0,1,0,12,3750,15,342,429,10,9,9,0,38,0,0,0,0,0,0,0,0,0,0,0,0,0,0,0,0,0,0,0,k__Bacteria; p__Proteobacteria; c__Gammaproteobacteria; o__Enterobacteriales; f__Enterobacteriaceae; g__Erwinia
denovo37197,38,11,19,18,2,3,7,2,6,7,1,9,27,12,7,0,22,8,12,3,3,2,9,1,24,0,5,1,17,54,2,2,2,0,2,34,2,7,1,0,1,8,2,1,1,10,4,7,1,3,4,7,24,11,15,2,2,2,10,14,0,17,21,14,2,3,1,4,4,4,9,1,6,6,2,6,16,21,2,1,2,0,22,k__Bacteria; p__Proteobacteria; c__Betaproteobacteria; o__Methylophilales; f__Methylophilaceae; g__; s__
denovo239,0,0,8,4,0,0,6,0,8,8,0,23,0,0,11,7,0,0,0,17,4,0,20,0,0,0,0,0,0,0,0,8,1,0,0,13,0,3,0,0,28,0,0,6,0,0,0,16,8,0,0,14,0,0,3,0,1,4,0,8,0,13,0,11,14,0,0,23,1,11,2,0,7,17,2,0,0,11,1,3,1,0,3,k__Bacteria; p__Proteobacteria; c__Gammaproteobacteria; o__Pseudomonadales; f__Pseudomonadaceae; g__Pseudomonas; s__viridiflava
denovo23964,0,1,5,0,0,2,0,2,6,2,7,16,0,1,0,3,5,0,3,0,0,4,2,3,1,1,2,7,21,0,0,0,3,1,2,3,3,8,3,0,16,0,1,2,2,1,0,0,0,1,1,10,0,7,2,1,0,0,2,7,4,1,9,25,0,0,0,0,1,0,1,1,7,0,3,49,3,0,3,0,0,1,5,k__Bacteria; p__Proteobacteria; c__Alphaproteobacteria; o__Caulobacterales; f__Caulobacteraceae
2458172,0,0,19,3,0,0,14,0,10,13,0,12,0,0,8,7,0,0,0,17,21,0,25,0,0,0,0,0,0,0,0,7,0,0,0,18,0,3,0,0,36,0,0,8,4,0,0,22,18,0,0,14,0,0,9,0,0,36,0,4,0,9,0,0,23,0,0,21,0,8,0,0,3,10,2,0,0,4,1,9,3,0,2,k__Bacteria; p__Proteobacteria; c__Alphaproteobacteria; o__Rhizobiales; f__Brucellaceae; g__Ochrobactrum; s__
1139932,0,9,113,49,1,2,329,0,114,87,40,203,1,19,95,205,1,482,2,201,149,40,163,6,1,1,0,5,2,0,1,104,33,0,1,215,5,31,1,36,302,9,2,100,14,1,0,361,144,0,29,163,0,27,58,0,0,344,52,65,48,131,2,21,154,1,1,266,16,100,8,11,22,131,18,0,3,96,12,208,26,31,19,k__Bacteria; p__Proteobacteria; c__Gammaproteobacteria; o__Xanthomonadales; f__Xanthomonadaceae; g__; s__
211171,0,1,26,3,0,0,41,0,11,12,6,23,1,0,8,19,0,56,0,28,49,4,24,0,0,0,0,3,1,0,1,9,3,0,0,6,3,1,0,5,33,4,0,11,1,0,0,49,16,0,1,20,0,3,10,0,0,40,12,7,11,27,0,1,26,0,0,50,50,17,1,1,4,19,1,8,0,6,37,27,1,6,3,k__Bacteria; p__Proteobacteria; c__Betaproteobacteria; o__Burkholderiales; f__Comamonadaceae; g__; s__
denovo40374,0,0,0,0,0,0,0,0,0,0,0,0,2,0,0,0,0,0,0,0,0,0,0,0,0,0,0,0,0,258,8,0,0,0,17,0,0,1,1,0,0,0,0,0,0,0,0,0,0,0,0,0,0,0,0,0,0,0,0,0,0,0,0,0,0,0,0,0,0,0,0,0,0,0,0,0,0,0,0,0,0,0,0,k__Bacteria; p__Proteobacteria; c__Deltaproteobacteria; o__Desulfovibrionales; f__Desulfovibrionaceae; g__Bilophila; s__
4422388,0,0,44,5,0,0,71,0,34,25,0,51,0,1,18,27,0,0,1,38,17,0,58,0,0,1,0,0,0,0,0,11,0,0,0,61,0,7,1,1,43,0,0,10,0,0,0,85,27,0,1,46,0,0,32,0,0,41,0,54,0,59,0,0,26,0,1,35,0,16,1,0,8,23,0,0,0,35,0,28,1,0,3,k__Bacteria; p__Proteobacteria; c__Gammaproteobacteria; o__Pseudomonadales; f__Pseudomonadaceae; g__Pseudomonas; s__
4466646,3,89,0,0,1,1,0,0,0,0,15,8,2,10,0,0,4,1,0,1,0,4,1,28,1,0,0,0,2,1,31,2,0,0,0,3,0,1,0,0,8,1,19,1,0,1,0,2,0,0,0,0,6,307,0,0,1,0,1,0,3,1,33,289,0,0,0,2,0,0,0,4,0,0,0,8,0,0,0,0,0,2,0,k__Bacteria; p__Proteobacteria; c__Betaproteobacteria; o__Burkholderiales; f__Comamonadaceae; g__; s__
4481624,0,0,0,0,0,0,0,0,0,0,0,0,1950,0,0,0,0,0,0,1,0,0,0,0,0,0,0,0,0,189,2,0,1,0,19,0,91,0,7,0,0,0,0,0,0,0,0,0,0,0,1,0,1,0,0,0,0,0,1,0,0,0,1,0,0,0,0,0,0,0,1,0,0,0,0,0,0,0,0,0,0,0,0,k__Bacteria; p__Firmicutes; c__Clostridia; o__Clostridiales; f__Clostridiaceae; g__; s__
93726,26,13,20,32,20,26,1,35,13,31,3,5,6,15,21,0,33,10,37,6,10,2,11,72,16,19,62,48,70,25,32,25,46,40,52,24,40,38,78,4,2,45,43,32,49,45,3,5,24,48,17,23,15,12,32,3,7,1,9,23,0,16,39,0,19,35,22,3,35,26,37,29,55,23,44,37,16,3,63,11,35,14,26,k__Bacteria; p__Proteobacteria; c__Betaproteobacteria; o__Burkholderiales; f__Comamonadaceae; g__Hydrogenophaga; s__
133961,0,1,0,3,16,1,2,0,0,1,14,2,0,7,0,3,8,0,0,2,3,15,1,0,0,24,15,0,3,0,0,0,0,0,7,2,0,0,0,17,2,0,0,1,0,0,5,3,2,0,13,5,0,11,1,0,23,4,0,1,17,2,0,5,0,0,3,6,2,0,0,6,0,2,0,0,12,0,1,2,1,10,0,k__Bacteria; p__Proteobacteria; c__Gammaproteobacteria; o__Pseudomonadales; f__Pseudomonadaceae; g__Pseudomonas; s__
denovo21903,3,2,2,3,2,2,0,3,6,2,1,4,6,2,4,0,1,1,6,3,3,3,3,1,1,0,2,8,2,1,0,5,0,2,4,9,0,5,2,1,1,1,0,5,3,1,0,5,4,1,3,3,3,4,5,1,1,1,4,7,1,2,91,0,2,0,1,0,2,3,1,0,1,5,1,1,3,1,2,4,1,1,5,k__Bacteria; p__Proteobacteria; c__Betaproteobacteria; o__Burkholderiales; f__Comamonadaceae; g__; s__
denovo25929,83,15,42,71,25,32,0,25,4,30,0,16,80,20,56,0,88,10,103,14,9,6,4,9,29,8,9,105,5,166,17,5,12,11,35,52,45,24,12,1,0,10,3,18,18,17,7,4,22,35,1,2,39,7,17,1,6,1,13,6,0,12,128,4,4,49,18,6,28,33,14,5,10,16,40,10,45,25,25,6,59,1,22,k__Bacteria; p__Proteobacteria; c__Betaproteobacteria; o__Burkholderiales; f__Comamonadaceae; g__; s__
denovo22893,0,0,0,0,0,0,0,0,0,0,0,0,470,0,0,0,0,0,0,0,0,0,0,0,0,0,0,0,0,0,0,0,0,0,0,0,0,0,0,0,0,0,0,0,0,0,0,0,0,0,0,0,0,0,0,0,0,0,0,0,0,0,0,0,0,0,0,0,0,0,0,0,0,0,0,0,0,0,0,0,0,0,0,k__Bacteria; p__Firmicutes; c__Clostridia; o__Clostridiales; f__Ruminococcaceae; g__; s__
denovo8095,21,1,7,3,1,2,9,1,2,3,2,18,10,1,4,0,13,8,6,7,4,1,2,0,15,0,1,1,0,19,0,0,0,0,1,26,0,0,0,1,3,0,1,2,0,0,2,1,1,0,0,2,7,5,2,2,3,5,7,4,0,11,7,3,0,0,0,11,1,0,0,0,0,2,0,5,14,16,0,0,0,0,0,k__Bacteria; p__Proteobacteria; c__Betaproteobacteria; o__Burkholderiales; f__Comamonadaceae; g__; s__
4456889,0,0,12,5,1,0,21,0,12,12,3,15,0,0,10,10,1,0,0,18,10,1,6,0,0,0,0,0,0,0,0,11,2,0,1,6,0,1,0,0,27,0,0,11,0,1,0,16,11,0,4,20,0,1,6,0,7,15,3,9,3,11,0,1,10,0,2,18,1,5,0,0,2,8,2,0,1,5,0,15,2,0,2,k__Bacteria; p__Proteobacteria; c__Gammaproteobacteria; o__Pseudomonadales; f__Pseudomonadaceae; g__Pseudomonas; s__
denovo43794,0,0,0,0,0,0,0,0,0,0,2,0,191,0,0,0,0,1,0,0,0,0,0,0,0,0,0,0,0,83,193,0,0,0,68,8,1,0,4,4,0,0,0,0,0,0,0,0,0,0,0,0,0,0,0,4,0,0,0,0,0,0,0,0,0,0,0,0,0,0,0,0,1,0,0,0,0,0,0,0,0,0,0,k__Bacteria; p__Tenericutes; c__Mollicutes; o__Mycoplasmatales; f__Mycoplasmataceae; g__; s__
4473756,0,587,1,27,152,1,11,0,8,6,1814,11,0,785,9,25,100,1589,104,12,5,1890,8,137,0,159,19,198,205,0,93,4,6,0,23,10,258,3,37,1699,21,140,162,3,1,0,192,6,7,4,1006,11,1,1155,2,26,177,3,2241,4,1686,11,1,1315,10,0,85,24,560,2,3,363,2,10,6,1,157,27,540,15,9,1046,6,k__Bacteria; p__Actinobacteria; c__Actinobacteria; o__Actinomycetales; f__Cellulomonadaceae; g__Cellulomonas; s__
denovo58601,63,23,17,43,3,18,18,2,20,52,0,32,36,12,7,0,19,25,6,1,27,9,28,15,65,10,28,3,36,24,6,0,9,2,11,67,1,7,8,2,1,47,4,10,5,18,14,93,4,2,10,52,67,16,39,20,15,16,70,38,0,76,16,5,0,1,4,12,3,3,7,3,42,14,4,93,71,158,7,28,2,1,33,k__Bacteria; p__Proteobacteria; c__Betaproteobacteria; o__Methylophilales; f__Methylophilaceae; g__; s__
847670,0,1,0,0,0,0,0,0,0,0,0,0,2575,0,0,0,0,0,0,0,4,0,0,0,0,0,0,0,0,972,0,0,0,0,1,0,50,0,5,0,0,1,0,0,0,0,0,0,0,0,1,0,0,0,0,0,0,0,2,0,0,0,0,0,0,0,0,0,0,0,0,0,0,0,0,0,0,0,0,0,0,0,0,k__Bacteria; p__Firmicutes; c__Clostridia; o__Clostridiales; f__Clostridiaceae; g__; s__
4298361,0,1,17,118,1,0,56,0,23,36,0,49,0,1,17,289,0,0,0,28,59,2,50,0,0,0,0,0,0,0,0,13,78,0,0,36,1,7,2,1,55,0,0,19,80,0,0,34,30,0,2,36,0,1,18,0,2,59,0,15,1,40,1,2,30,0,1,67,0,13,43,0,8,43,45,0,0,225,2,41,87,0,48,k__Bacteria; p__Actinobacteria; c__Actinobacteria; o__Actinomycetales; f__Cellulomonadaceae; g__Cellulomonas; s__
denovo21680,0,10,17,6,1,0,14,0,17,7,1,22,0,7,5,1,7,1,0,10,9,9,36,0,0,2,4,0,1,0,0,0,1,0,1,20,0,1,0,0,1,0,0,3,1,0,7,29,1,0,5,13,0,8,11,0,17,10,1,14,0,22,0,0,4,0,2,5,1,3,0,3,3,9,1,0,13,19,0,11,0,1,1,k__Bacteria; p__Proteobacteria; c__Betaproteobacteria; o__Methylophilales; f__Methylophilaceae
denovo72529,0,11,0,3,0,0,0,10,0,16,0,1,0,1,3,0,0,0,2,0,9,0,0,22,0,0,0,33,2,0,5,1,6,0,0,1,4,0,33,0,0,0,17,3,1,0,0,0,6,99,0,0,0,1,7,0,0,0,0,1,0,0,0,0,3,0,0,0,1,0,138,0,0,2,3,0,0,0,0,0,22,0,0,k__Bacteria; p__Verrucomicrobia; c__[Spartobacteria]; o__[Chthoniobacterales]; f__[Chthoniobacteraceae]; g__Candidatus Xiphinematobacter; s__
4466618,0,9,1,0,33,0,0,0,0,0,72,0,0,32,0,0,26,0,0,0,0,65,1,1,0,150,21,0,7,0,1,0,0,0,8,0,0,1,0,64,0,0,0,0,0,0,68,0,2,0,54,1,0,36,0,1,72,0,0,0,83,0,0,24,1,0,28,0,0,1,0,15,0,0,0,1,27,0,1,0,0,53,0,k__Bacteria; p__Proteobacteria; c__Gammaproteobacteria; o__Enterobacteriales; f__Enterobacteriaceae; g__Erwinia; s__
643362,0,1,0,0,1,0,0,0,3,0,36,2,447,0,0,1,0,0,0,0,0,0,0,0,0,0,0,8,5,232,508,0,1,1,141,24,37,0,8,9,9,0,0,0,0,1,0,0,0,0,0,0,0,2,0,66,5,0,0,0,4,2,0,1,0,0,0,0,0,0,0,1,0,0,0,0,13,0,0,0,0,4,1,k__Bacteria; p__Firmicutes; c__Clostridia; o__Clostridiales; f__Clostridiaceae; g__Clostridium
610486,29,17,4,0,0,7,0,10,26,7,10,2,19,1,4,8,0,0,14,4,3,0,1,2,17,0,10,50,0,15,4,4,1,0,8,27,0,7,1,3,7,7,2,1,0,0,6,6,4,2,0,1,25,52,2,9,40,8,2,26,25,1,64,94,5,0,5,3,1,2,1,1,1,2,1,13,6,12,0,0,0,1,2,k__Bacteria; p__Proteobacteria; c__Betaproteobacteria; o__Burkholderiales; f__Comamonadaceae
4323897,190,4,227,21,10,11,4,125,155,65,10,41,109,1,230,36,32,7,227,45,69,2,4,1,110,3,20,380,1,90,1,142,6,5,25,114,8,104,18,9,22,96,0,31,7,16,4,34,35,2,0,7,179,13,220,16,57,298,113,418,95,56,1193,8,293,4,33,17,8,5,4,2,7,131,11,23,18,14,9,11,1,3,4,k__Bacteria; p__Proteobacteria; c__Betaproteobacteria; o__Burkholderiales; f__Oxalobacteraceae; g__; s__
182643,0,0,0,0,0,0,0,0,0,0,0,0,182,0,0,0,0,0,0,0,0,0,0,0,0,2,0,0,0,109,5,0,0,0,0,0,26,0,10,0,0,0,0,0,0,0,0,0,0,0,0,0,0,0,0,0,0,0,0,0,5,0,0,1,0,1,0,0,0,0,0,0,0,0,0,0,0,0,0,0,0,0,0,k__Bacteria; p__Firmicutes; c__Clostridia; o__Clostridiales; f__Clostridiaceae; g__; s__
4429445,9,3,4,3,4,7,0,3,1,6,0,3,6,1,7,0,5,1,11,0,1,0,2,11,3,1,13,12,6,24,6,2,1,3,5,9,11,5,10,1,0,7,2,8,0,4,0,2,1,4,1,5,3,1,5,0,1,0,1,6,0,2,12,0,1,5,4,0,6,5,2,0,7,2,6,0,10,3,7,1,3,0,1,k__Bacteria; p__Proteobacteria; c__Betaproteobacteria; o__Burkholderiales; f__Comamonadaceae; g__; s__