#SampleID,BarcodeSequence,LinkerPrimerSequence,Study,AmphibID,Timepoint,Date,Month,AmphibIDSeasonYear,Season,Year,SeasonYear,Temp,DO,pH,SourceSink,Env,SubstrateAddition,Description,Proportion_Fall2011,Proportion_SD_Fall2011,Proportion_Unknown,Proportion_SD_Unknown,Proportion_This_Env,Proportion_SD_This_Env,,,Average Proportion_Fall2011,SD
LTEE.5..1,GACTTTCC,CAAGCAGAAGACGGCATACGAGAT,LTEE,5,1,9.9.11,Sep,5Fall2011,Fall,2011,Fall2011,19.5,7.9,6.532,source,Fall 2011,Pre,LTEE93,NA,NA,NA,NA,NA,NA,,Winter2011,0.957475433,0.03775342
LTEE.5..2,TTAGGGCT,CAAGCAGAAGACGGCATACGAGAT,LTEE,5,2,10.21.11,Oct,5Fall2011,Fall,2011,Fall2011,11,10.08,5.93,source,Fall2011,Pre,LTEE85,NA,NA,NA,NA,NA,NA,,Spring2012,0.85073276,0.286803089
LTEE.5..3,TACAGATG,CAAGCAGAAGACGGCATACGAGAT,LTEE,5,3,12.2.11,Dec,5Winter2011,Winter,2011,Winter2011,4.9,11.2,5.8,sink,Winter 2011,Pre,LTEE68,0.92188277,0.001487184,0.07811723,0.001487184,NA,NA,,Spring2012,0.959358619,0.054319191
LTEE.5..4,ACGCCACG,CAAGCAGAAGACGGCATACGAGAT,LTEE,5,4,4.4.12,Apr,5Spring2012,Spring,2012,Spring2012,17.8,9.03,7.61,sink,Spring 2012,Pre,LTEE58,0.98715517,0.000686842,0.01284483,0.000686842,NA,NA,,Summer2012,0.958987686,0.054866985
LTEE.5..5,GAGGCTCA,CAAGCAGAAGACGGCATACGAGAT,LTEE,5,5,5.16.12,May,5Spring2012,Spring,2012,Spring2012,18.2,9.1,5.14,sink,Spring 2012,Pre,LTEE168,0.97323449,0.001096577,0.02676551,0.001096577,NA,NA,,Summer2012,0.557400983,0.298511667
LTEE.5..6,GGTGTCTA,CAAGCAGAAGACGGCATACGAGAT,LTEE,5,6,6.27.12,Jun,5Summer2012,Summer,2012,Summer2012,23.9,na,4,sink,Summer 2012,Pre,LTEE138,0.99999655,1.09E-05,3.45E-06,1.09E-05,NA,NA,,Fall2012,0.55005468,0.141860469
LTEE.5..7,GAAGTTGG,CAAGCAGAAGACGGCATACGAGAT,LTEE,5,7,8.9.12,Aug,5Summer2012,Summer,2012,Summer2012,24.7,7.5,6.12,sink,Summer 2012,Post1,LTEE131,0.55721381,0.001170239,0.44278619,0.001170239,NA,NA,,Winter2012,0.440054187,0.35603116
LTEE.5..8,GCGGCAAT,CAAGCAGAAGACGGCATACGAGAT,LTEE,5,8,9.19.12,Sep,5Fall2012,Fall,2012,Fall2012,16.9,8.05,6.48,sink,Fall 2012,Post1,Atelopus132,0.46988964,0.001488921,0.53011036,0.001488921,NA,NA,,Spring2013,0.18121667,0.160471273
LTEE5.9,GTCAATTG,CAAGCAGAAGACGGCATACGAGAT,LTEE,5,9,12.5.12,Dec,5Winter2012,Winter,2012,Winter2012,7.6,11.91,6.51,sink,Winter 2012,Post1,Atelopus136,0.18972414,0.001360796,0.81027586,0.001360796,NA,NA,,Summer2013,0.780487927,0.30132223
LTEE5.11,TTCCTAGG,CAAGCAGAAGACGGCATACGAGAT,LTEE,5,11,5.29.13,May,5Spring2013,Spring,2013,Spring2013,18.7,8.53,6.31,sink,Spring 2013,Post1,Atelopus131,0.03469311,0.001007366,0.96530689,0.001007366,NA,NA,,Fall2013,0.68157173,0.405992135
LTEE5.12,GAACTAGT,CAAGCAGAAGACGGCATACGAGAT,LTEE,5,12,8.14.13,Aug,5Summer2013,Summer,2013,Summer2013,20.6,8.45,6.54,sink,Summer 2013,Post2,Atelopus139,0.6405138,0.001238029,0.3594862,0.001238029,NA,NA,,,,
LTEE2.5.13,GAACTAGT,CAAGCAGAAGACGGCATACGAGAT,LTEE,5,13,9.18.13,Sep,5Fall2013,Fall,2013,Fall2013,17.2,8.48,7.3,sink,Fall 2013,Post2,Sflotator_sample67,0.61887587,0.001509928,0.38112413,0.001509928,NA,NA,,,,
LTEE.6..1,ATCCCGAA,CAAGCAGAAGACGGCATACGAGAT,LTEE,6,1,9.9.11,Sep,6Fall2011,Fall,2011,Fall2011,19.5,7.9,6.532,source,Fall2011,Pre,LTEE94,NA,NA,NA,NA,NA,NA,,,,
LTEE.6..2,TCTAGCGT,CAAGCAGAAGACGGCATACGAGAT,LTEE,6,2,10.21.11,Oct,6Fall2011,Fall,2011,Fall2011,11,10.08,5.93,source,Fall2011,Pre,LTEE86,NA,NA,NA,NA,NA,NA,,,,
LTEE.6..3,ACGTGTAC,CAAGCAGAAGACGGCATACGAGAT,LTEE,6,3,12.2.11,Dec,6Winter2011,Winter,2011,Winter2011,4.9,11.2,5.8,sink,Winter2011,Pre,LTEE71,0.9509862,0.00154445,0.0490138,0.00154445,NA,NA,,,,
LTEE.6..4,GGCCACGT,CAAGCAGAAGACGGCATACGAGAT,LTEE,6,4,4.4.12,Apr,6Spring2012,Spring,2012,Spring2012,17.8,9.03,7.61,sink,Spring2012,Pre,LTEE61,0.9630138,0.001011922,0.0369862,0.001011922,NA,NA,,,,
LTEE.6..5,TCCTCTGT,CAAGCAGAAGACGGCATACGAGAT,LTEE,6,5,5.16.12,May,6Spring2012,Spring,2012,Spring2012,18.2,9.1,5.14,sink,Spring2012,Pre,LTEE51,0.8312069,0.001063838,0.1687931,0.001063838,NA,NA,,,,
LTEE.6..6,GTCAATTG,CAAGCAGAAGACGGCATACGAGAT,LTEE,6,6,6.27.12,Jun,6Summer2012,Summer,2012,Summer2012,23.9,na,4,sink,Summer2012,Pre,LTEE161,0.9966345,0.000674774,0.0033655,0.000674774,NA,NA,,,,
LTEE.6..7,TTCCTAGG,CAAGCAGAAGACGGCATACGAGAT,LTEE,6,7,8.9.12,Aug,6Summer2012,Summer,2012,Summer2012,24.7,7.5,6.12,sink,Summer2012,Post1,LTEE132,0.12898965,0.001425955,0.87101035,0.001425955,NA,NA,,,,
LTEE.6..8,GAACTAGT,CAAGCAGAAGACGGCATACGAGAT,LTEE,6,8,9.19.12,Sep,6Fall2012,Fall,2012,Fall2012,16.9,8.05,6.48,sink,Fall2012,Post1,Atelopus130,0.54845173,0.001720936,0.45154827,0.001720936,NA,NA,,,,
LTEE6.9,ATGAGACT,CAAGCAGAAGACGGCATACGAGAT,LTEE,6,9,12.5.12,Dec,6Winter2012,Winter,2012,Winter2012,7.6,11.91,6.51,sink,Winter2012,Post1,Atelopus143,0.26092069,0.001263943,0.73907931,0.001263943,NA,NA,,,,
,,,,,,,,,,,,,,,,Spring2013,,,,,,,,,,,,
LTEE6.12,GACGGAAC,CAAGCAGAAGACGGCATACGAGAT,LTEE,6,12,8.14.13,Aug,6Summer2013,Summer,2013,Summer2013,20.6,8.45,6.54,sink,Summer2013,Post2,Sflotator_sample63,0.23393792,0.001792569,0.76606208,0.001792569,NA,NA,,,,
LTEE2.6.13,GACGGAAC,CAAGCAGAAGACGGCATACGAGAT,LTEE,6,13,9.18.13,Sep,6Fall2013,Fall,2013,Fall2013,17.2,8.48,7.3,sink,Fall2013,Post2,Sflotator_sample68,0,0,1,0,NA,NA,,,,
LTEE.7..1,GTTGGTCA,CAAGCAGAAGACGGCATACGAGAT,LTEE,7,1,9.9.11,Sep,7Fall2011,Fall,2011,Fall2011,19.5,7.9,6.532,source,Fall2011,Pre,LTEE95,NA,NA,NA,NA,NA,NA,,,,
LTEE7.2,CTAGCGAA,CAAGCAGAAGACGGCATACGAGAT,LTEE,7,2,10.21.11,Oct,7Fall2011,Fall,2011,Fall2011,11,10.08,5.93,source,Fall2011,Pre,LTEE82,NA,NA,NA,NA,NA,NA,,,,
LTEE7.3,GACAGGAG,CAAGCAGAAGACGGCATACGAGAT,LTEE,7,3,12.2.11,Dec,7Winter2011,Winter,2011,Winter2011,4.9,11.2,5.8,sink,Winter2011,Pre,LTEE64,1,0,0,0,NA,NA,,,,
LTEE7.4,GAGGCTCA,CAAGCAGAAGACGGCATACGAGAT,LTEE,7,4,4.4.12,Apr,7Spring2012,Spring,2012,Spring2012,17.8,9.03,7.61,sink,Spring2012,Pre,LTEE54,0.97206552,0.000925769,0.02793448,0.000925769,NA,NA,,,,
LTEE7.5,CTATTTGC,CAAGCAGAAGACGGCATACGAGAT,LTEE,7,5,5.16.12,May,7Spring2012,Spring,2012,Spring2012,18.2,9.1,5.14,sink,Spring2012,Pre,LTEE164,0.99761723,0.00056014,0.00238277,0.00056014,NA,NA,,,,
LTEE.7..6,ATGAGACT,CAAGCAGAAGACGGCATACGAGAT,LTEE,7,6,6.27.12,Jun,7Summer2012,Summer,2012,Summer2012,23.9,na,4,sink,Summer2012,Pre,LTEE162,0.9406931,0.001408446,0.0593069,0.001408446,NA,NA,,,,
LTEE.8..1,TAGCTCGT,CAAGCAGAAGACGGCATACGAGAT,LTEE,8,1,9.9.11,Sep,8Fall2011,Fall,2011,Fall2011,19.5,7.9,6.532,source,Fall2011,Pre,LTEE97,NA,NA,NA,NA,NA,NA,,,,
LTEE.8..2,TCGAGGAC,CAAGCAGAAGACGGCATACGAGAT,LTEE,8,2,10.21.11,Oct,8Fall2011,Fall,2011,Fall2011,11,10.08,5.93,source,Fall2011,Pre,LTEE87,NA,NA,NA,NA,NA,NA,,,,
LTEE.8..3,AAGGAGCG,CAAGCAGAAGACGGCATACGAGAT,LTEE,8,3,12.2.11,Dec,8Winter2011,Winter,2011,Winter2011,4.9,11.2,5.8,sink,Winter2011,Pre,LTEE76,0.93553101,0.001691414,0.06446899,0.001691414,NA,NA,,,,
LTEE.8..4,TAGGAACT,CAAGCAGAAGACGGCATACGAGAT,LTEE,8,4,4.4.12,Apr,8Spring2012,Spring,2012,Spring2012,17.8,9.03,7.61,sink,Spring2012,Pre,LTEE62,0.99978622,6.25E-05,0.00021378,6.25E-05,NA,NA,,,,
LTEE.8..5,CTATTTGC,CAAGCAGAAGACGGCATACGAGAT,LTEE,8,5,5.16.12,May,8Spring2012,Spring,2012,Spring2012,18.2,9.1,5.14,sink,Spring2012,Pre,LTEE52,0.99908275,0.000300264,0.00091725,0.000300264,NA,NA,,,,
LTEE.8..6,GAATCTTC,CAAGCAGAAGACGGCATACGAGAT,LTEE,8,6,6.27.12,Jun,8Summer2012,Summer,2012,Summer2012,23.9,na,4,sink,Summer2012,Pre,LTEE163,0.9735138,0.001130137,0.0264862,0.001130137,NA,NA,,,,
LTEE.8..7,GCACGACA,CAAGCAGAAGACGGCATACGAGAT,LTEE,8,7,8.9.12,Aug,8Summer2012,Summer,2012,Summer2012,24.7,7.5,6.12,sink,Summer2012,Post1,LTEE133,0.95416897,0.001256033,0.04583103,0.001256033,NA,NA,,,,
LTEE.8..8,GACGGAAC,CAAGCAGAAGACGGCATACGAGAT,LTEE,8,8,9.19.12,Sep,8Fall2012,Fall,2012,Fall2012,16.9,8.05,6.48,sink,Fall2012,Post1,Atelopus128,0.70432413,0.001823585,0.29567587,0.001823585,NA,NA,,,,
LTEE8.9,GAATCTTC,CAAGCAGAAGACGGCATACGAGAT,LTEE,8,9,12.5.12,Dec,8Winter2012,Winter,2012,Winter2012,7.6,11.91,6.51,sink,Winter2012,Post1,Atelopus149,0.0033069,0.0006501,0.9966931,0.0006501,NA,NA,,,,
LTEE8.11,ATCGATCT,CAAGCAGAAGACGGCATACGAGAT,LTEE,8,11,5.29.13,May,8Spring2013,Spring,2013,Spring2013,18.7,8.53,6.31,sink,Spring2013,Post1,Atelopus150,0.44743104,0.000930015,0.55256896,0.000930015,NA,NA,,,,
LTEE8.12,CAAGCATG,CAAGCAGAAGACGGCATACGAGAT,LTEE,8,12,8.14.13,Aug,8Summer2013,Summer,2013,Summer2013,20.6,8.45,6.54,sink,Summer2013,Post2,Sflotator_sample61,1,0,0,0,NA,NA,,,,
LTEE2.8.13,CAAGCATG,CAAGCAGAAGACGGCATACGAGAT,LTEE,8,13,9.18.13,Sep,8Fall2013,Fall,2013,Fall2013,17.2,8.48,7.3,sink,Fall2013,Post2,Sflotator_sample62,0.86535519,0.002818373,0.13464481,0.002818373,NA,NA,,,,
LTEE.9..1,CAGTGCAT,CAAGCAGAAGACGGCATACGAGAT,LTEE,9,1,9.9.11,Sep,9Fall2011,Fall,2011,Fall2011,19.5,7.9,6.532,source,Fall2011,Pre,LTEE98,NA,NA,NA,NA,NA,NA,,,,
LTEE.9..2,CGGAGCTA,CAAGCAGAAGACGGCATACGAGAT,LTEE,9,2,10.21.11,Oct,9Fall2011,Fall,2011,Fall2011,11,10.08,5.93,source,Fall2011,Pre,LTEE88,NA,NA,NA,NA,NA,NA,,,,
LTEE.9..3,CGATCCGT,CAAGCAGAAGACGGCATACGAGAT,LTEE,9,3,12.2.11,Dec,9Winter2011,Winter,2011,Winter2011,4.9,11.2,5.8,sink,Winter2011,Pre,LTEE81,0.97812069,0.000828109,0.02187931,0.000828109,NA,NA,,,,
LTEE.9..4,CTAGCGAA,CAAGCAGAAGACGGCATACGAGAT,LTEE,9,4,4.4.12,Apr,9Spring2012,Spring,2012,Spring2012,17.8,9.03,7.61,sink,Spring2012,Pre,LTEE63,0.99713103,0.000496477,0.00286897,0.000496477,NA,NA,,,,
LTEE.9..5,AGTAGAGG,CAAGCAGAAGACGGCATACGAGAT,LTEE,9,5,5.16.12,May,9Spring2012,Spring,2012,Spring2012,18.2,9.1,5.14,sink,Spring2012,Pre,LTEE53,0.95734483,0.001158343,0.04265517,0.001158343,NA,NA,,,,
,,,,,,,,,,,,,,,,Summer2012,,,,,,,,,,,,
LTEE.9..7,ATCGATCT,CAAGCAGAAGACGGCATACGAGAT,LTEE,9,7,8.9.12,Aug,9Summer2012,Summer,2012,Summer2012,24.7,7.5,6.12,sink,Summer2012,Post1,LTEE134,0.52402758,0.001227117,0.47597242,0.001227117,NA,NA,,,,
LTEE.9..8,CAAGCATG,CAAGCAGAAGACGGCATACGAGAT,LTEE,9,8,9.19.12,Sep,9Fall2012,Fall,2012,Fall2012,16.9,8.05,6.48,sink,Fall2012,Post1,Atelopus141,0.6197138,0.001907303,0.3802862,0.001907303,NA,NA,,,,
LTEE9.9,ACACGTAA,CAAGCAGAAGACGGCATACGAGAT,LTEE,9,9,12.5.12,Dec,9Winter2012,Winter,2012,Winter2012,7.6,11.91,6.51,sink,Winter2012,Post1,Atelopus137,0.40049655,0.001195422,0.59950345,0.001195422,NA,NA,,,,
LTEE9.11,CTTGTGTC,CAAGCAGAAGACGGCATACGAGAT,LTEE,9,11,5.29.13,May,9Spring2013,Spring,2013,Spring2013,18.7,8.53,6.31,sink,Spring2013,Post1,Atelopus138,0.2533138,0.00172724,0.7466862,0.00172724,NA,NA,,,,
LTEE2.9.12,ATCGATCT,CAAGCAGAAGACGGCATACGAGAT,LTEE,9,12,8.14.13,Aug,9Summer2013,Summer,2013,Summer2013,20.6,8.45,6.54,sink,Summer2013,Post2,Sflotator_sample60,1,0,0,0,NA,NA,,,,
LTEE2.9.13,CCTGAACT,CAAGCAGAAGACGGCATACGAGAT,LTEE,9,13,9.18.13,Sep,9Fall2013,Fall,2013,Fall2013,17.2,8.48,7.3,sink,Fall2013,Post2,Sflotator_sample69,0.96162414,0.001745939,0.03837586,0.001745939,NA,NA,,,,
LTEE.13..1,TCACGGGA,CAAGCAGAAGACGGCATACGAGAT,LTEE,13,1,9.9.11,Sep,13Fall2011,Fall,2011,Fall2011,19.5,7.9,6.532,source,Fall2011,Pre,LTEE91,NA,NA,NA,NA,NA,NA,,,,
LTEE.13..2,AAGAGATG,CAAGCAGAAGACGGCATACGAGAT,LTEE,13,2,10.21.11,Oct,13Fall2011,Fall,2011,Fall2011,11,10.08,5.93,source,Fall2011,Pre,LTEE83,NA,NA,NA,NA,NA,NA,,,,
LTEE.13..3,GTCTAATT,CAAGCAGAAGACGGCATACGAGAT,LTEE,13,3,12.2.11,Dec,13Winter2011,Winter,2011,Winter2011,4.9,11.2,5.8,sink,Winter2011,Pre,LTEE66,0.89557932,0.002002174,0.10442068,0.002002174,NA,NA,,,,
LTEE.13..4,GACAGGAG,CAAGCAGAAGACGGCATACGAGAT,LTEE,13,4,4.4.12,Apr,13Spring2012,Spring,2012,Spring2012,17.8,9.03,7.61,sink,Spring2012,Pre,LTEE56,0.18521724,0.001301453,0.81478276,0.001301453,NA,NA,,,,
LTEE.13..5,CGCAGCGG,CAAGCAGAAGACGGCATACGAGAT,LTEE,13,5,5.16.12,May,13Spring2012,Spring,2012,Spring2012,18.2,9.1,5.14,sink,Spring2012,Pre,LTEE166,0.95790344,0.001623251,0.04209656,0.001623251,NA,NA,,,,
LTEE.13..6,ACACGTAA,CAAGCAGAAGACGGCATACGAGAT,LTEE,13,6,6.27.12,Jun,13Summer2012,Summer,2012,Summer2012,23.9,na,4,sink,Summer2012,Pre,LTEE136,0.84268276,0.001531443,0.15731724,0.001531443,NA,NA,,,,
LTEE.13..7,CTTGTGTC,CAAGCAGAAGACGGCATACGAGAT,LTEE,13,7,8.9.12,Aug,13Summer2012,Summer,2012,Summer2012,24.7,7.5,6.12,sink,Summer2012,Post1,Atelopus140,0.7439517,0.002110448,0.2560483,0.002110448,NA,NA,,,,
LTEE.13..8,CCTGAACT,CAAGCAGAAGACGGCATACGAGAT,LTEE,13,8,9.19.12,Sep,13Fall2012,Fall,2012,Fall2012,16.9,8.05,6.48,sink,Fall2012,Post1,Atelopus134,0.72994138,0.002147309,0.27005862,0.002147309,NA,NA,,,,
LTEE13.9,GAGTGGTA,CAAGCAGAAGACGGCATACGAGAT,LTEE,13,9,12.5.12,Dec,13Winter2012,Winter,2012,Winter2012,7.6,11.91,6.51,sink,Winter2012,Post1,Atelopus142,0.37685863,0.000823802,0.62314137,0.000823802,NA,NA,,,,
LTEE13.11,TGAGCCGG,CAAGCAGAAGACGGCATACGAGAT,LTEE,13,11,5.29.13,May,13Spring2013,Spring,2013,Spring2013,18.7,8.53,6.31,sink,Spring2013,Post1,Atelopus127,0.07443448,0.001229524,0.92556552,0.001229524,NA,NA,,,,
LTEE.16..1,CTGCTAAC,CAAGCAGAAGACGGCATACGAGAT,LTEE,16,1,9.9.11,Sep,16Fall2011,Fall,2011,Fall2011,19.5,7.9,6.532,source,Fall2011,Pre,LTEE92,NA,NA,NA,NA,NA,NA,,,,
LTEE.16..2,TCCAAAGT,CAAGCAGAAGACGGCATACGAGAT,LTEE,16,2,10.21.11,Oct,16Fall2011,Fall,2011,Fall2011,11,10.08,5.93,source,Fall2011,Pre,LTEE84,NA,NA,NA,NA,NA,NA,,,,
LTEE.16..3,TCCGAATT,CAAGCAGAAGACGGCATACGAGAT,LTEE,16,3,12.2.11,Dec,16Winter2011,Winter,2011,Winter2011,4.9,11.2,5.8,sink,Winter2011,Pre,LTEE67,0.99757242,0.000320285,0.00242758,0.000320285,NA,NA,,,,
LTEE.16..4,ATTCCTGT,CAAGCAGAAGACGGCATACGAGAT,LTEE,16,4,4.4.12,Apr,16Spring2012,Spring,2012,Spring2012,17.8,9.03,7.61,sink,Spring2012,Pre,LTEE57,0.99787242,0.000315228,0.00212758,0.000315228,NA,NA,,,,
LTEE.16..5,AATGCCTC,CAAGCAGAAGACGGCATACGAGAT,LTEE,16,5,5.16.12,May,16Spring2012,Spring,2012,Spring2012,18.2,9.1,5.14,sink,Spring2012,Pre,LTEE167,0.98924483,0.001294057,0.01075517,0.001294057,NA,NA,,,,
LTEE.16..6,GAGTGGTA,CAAGCAGAAGACGGCATACGAGAT,LTEE,16,6,6.27.12,Jun,16Summer2012,Summer,2012,Summer2012,23.9,na,4,sink,Summer2012,Pre,LTEE137,0.98376208,0.000853901,0.01623792,0.000853901,NA,NA,,,,
LTEE.16..7,TGAGCCGG,CAAGCAGAAGACGGCATACGAGAT,LTEE,16,7,8.9.12,Aug,16Summer2012,Summer,2012,Summer2012,24.7,7.5,6.12,sink,Summer2012,Post1,Atelopus146,0.77096897,0.002136654,0.22903103,0.002136654,NA,NA,,,,
LTEE.16..8,CTTCGGCA,CAAGCAGAAGACGGCATACGAGAT,LTEE,16,8,9.19.12,Sep,16Fall2012,Fall,2012,Fall2012,16.9,8.05,6.48,sink,Fall2012,Post1,Atelopus133,0.41595173,0.001329278,0.58404827,0.001329278,NA,NA,,,,
LTEE16.9,GAAGTTGG,CAAGCAGAAGACGGCATACGAGAT,LTEE,16,9,12.5.12,Dec,16Winter2012,Winter,2012,Winter2012,7.6,11.91,6.51,sink,Winter2012,Post1,Atelopus148,0.92916552,0.001140969,0.07083448,0.001140969,NA,NA,,,,
LTEE16.11,GCGGCAAT,CAAGCAGAAGACGGCATACGAGAT,LTEE,16,11,5.29.13,May,16Spring2013,Spring,2013,Spring2013,18.7,8.53,6.31,sink,Spring2013,Post1,Atelopus129,0.0487069,0.001073491,0.9512931,0.001073491,NA,NA,,,,
LTEE2.16.12,CTTGTGTC,CAAGCAGAAGACGGCATACGAGAT,LTEE,16,12,8.14.13,Aug,16Summer2013,Summer,2013,Summer2013,20.6,8.45,6.54,sink,Summer2013,Post2,Sflotator_sample64,0.97006551,0.00086999,0.02993449,0.00086999,NA,NA,,,,
,,,,,,,,,,,,,,,,Fall2013,,,,,,,,,,,,
LTEE17.3,ATTCCTGT,CAAGCAGAAGACGGCATACGAGAT,LTEE,17,3,12.2.11,Dec,17Winter2011,Winter,2011,Winter2011,4.9,11.2,5.8,sink,Winter2011,Pre,LTEE65,0.98013105,0.001219777,0.01986895,0.001219777,NA,NA,,,,
LTEE17.4,TCCTCTGT,CAAGCAGAAGACGGCATACGAGAT,LTEE,17,4,4.4.12,Apr,17Spring2012,Spring,2012,Spring2012,17.8,9.03,7.61,sink,Spring2012,Pre,LTEE55,0.70362068,0.001471068,0.29637932,0.001471068,NA,NA,,,,
LTEE17.5,AGTAGAGG,CAAGCAGAAGACGGCATACGAGAT,LTEE,17,5,5.16.12,May,17Spring2012,Spring,2012,Spring2012,18.2,9.1,5.14,sink,Spring2012,Pre,LTEE165,0.96923448,0.000940527,0.03076552,0.000940527,NA,NA,,,,
LTEE17.6,CGCAGCGG,CAAGCAGAAGACGGCATACGAGAT,LTEE,17,6,6.27.12,Jun,17Summer2012,Summer,2012,Summer2012,23.9,na,4,sink,Summer2012,Pre,LTEE135,0.97563101,0.000814882,0.02436899,0.000814882,NA,NA,,,,
LTEE17.7,AATGCCTC,CAAGCAGAAGACGGCATACGAGAT,LTEE,17,7,8.9.12,Aug,17Summer2012,Summer,2012,Summer2012,24.7,7.5,6.12,sink,Summer2012,Post1,Atelopus147,0.2224862,0.000944141,0.7775138,0.000944141,NA,NA,,,,
LTEE17.8,GGTGTCTA,CAAGCAGAAGACGGCATACGAGAT,LTEE,17,8,9.19.12,Sep,17Fall2012,Fall,2012,Fall2012,16.9,8.05,6.48,sink,Fall2012,Post1,Atelopus135,0.36211035,0.001815938,0.63788965,0.001815938,NA,NA,,,,
LTEE2.17.9,TTCCTAGG,CAAGCAGAAGACGGCATACGAGAT,LTEE,17,9,12.5.12,Dec,17Winter2012,Winter,2012,Winter2012,7.6,11.91,6.51,sink,Winter2012,Post1,Atelopus126,0.91990688,0.001495237,0.08009312,0.001495237,NA,NA,,,,
LTEE2.17.11,GCACGACA,CAAGCAGAAGACGGCATACGAGAT,LTEE,17,11,5.29.13,May,17Spring2013,Spring,2013,Spring2013,18.7,8.53,6.31,sink,Spring2013,Post1,Atelopus145,0.22872069,0.001313323,0.77127931,0.001313323,NA,NA,,,,
LTEE2.17.12,TGAGCCGG,CAAGCAGAAGACGGCATACGAGAT,LTEE,17,12,8.14.13,Aug,17Summer2013,Summer,2013,Summer2013,20.6,8.45,6.54,sink,Summer2013,Post2,Sflotator_sample70,0.83841033,0.003917453,0.16158967,0.003917453,NA,NA,,,,
LTEE2.17.13,CTTCGGCA,CAAGCAGAAGACGGCATACGAGAT,LTEE,17,13,9.18.13,Sep,17Fall2013,Fall,2013,Fall2013,17.2,8.48,7.3,sink,Fall2013,Post2,Sflotator_sample66,0.96200345,0.001723022,0.03799655,0.001723022,NA,NA,,,,
